<?xml version="1.0" encoding="UTF-8"?>
<gpx creator="StravaGPX" version="1.1" xmlns="http://www.topografix.com/GPX/1/1" xmlns:xsi="http://www.w3.org/2001/XMLSchema-instance" xsi:schemaLocation="http://www.topografix.com/GPX/1/1 http://www.topografix.com/GPX/1/1/gpx.xsd">
 <metadata>
  <name>Тренувальна гонка VeloGO 03.10.2026</name>
  <desc>Оригінал https://www.strava.com/routes/3518237437300732998</desc>
  <author>
   <name>Oleksandr Redko</name>
   <link href="https://www.strava.com/athletes/23735367"/>
  </author>
  <copyright author="OpenStreetMap contributors">
   <year>2020</year>
   <license>https://www.openstreetmap.org/copyright</license>
  </copyright>
  <link href="https://www.strava.com/routes/3539996144110761230"/>
 </metadata>
 <wpt lat="50.41897" lon="30.56897">
  <name>Технічний старт</name>
  <desc>Спокійно до блокпоста.</desc>
  <sym>Generic</sym>
  <type>Generic</type>
 </wpt>
 <wpt lat="50.33793" lon="30.54118">
  <name>Старт</name>
  <desc>Після блокпоста починається гонка.</desc>
  <sym>Generic</sym>
  <type>Generic</type>
 </wpt>
 <wpt lat="50.29711" lon="30.53344">
  <name>Лісники світлофор праворуч</name>
  <desc>Повертаємо праворуч на першому світлофорі.</desc>
  <sym>Generic</sym>
  <type>Generic</type>
 </wpt>
 <wpt lat="50.29774" lon="30.53065">
  <name>Лісники відразу ліворуч</name>
  <desc>Відразу ліворуч поворот.</desc>
  <sym>Generic</sym>
  <type>Generic</type>
 </wpt>
 <wpt lat="50.30036" lon="30.45964">
  <name>Кременище ліворуч</name>
  <desc>Поворот ліворуч до озер.</desc>
  <sym>Generic</sym>
  <type>Generic</type>
 </wpt>
 <wpt lat="50.27772" lon="30.45174">
  <name>Космос спуск</name>
  <desc></desc>
  <sym>Generic</sym>
  <type>Generic</type>
 </wpt>
 <wpt lat="50.26827" lon="30.46444">
  <name>Різко праворуч</name>
  <desc></desc>
  <sym>Generic</sym>
  <type>Generic</type>
 </wpt>
 <wpt lat="50.24768" lon="30.43863">
  <name>Рославичі ліворуч</name>
  <desc>Після спуску відразу ліворуч</desc>
  <sym>Generic</sym>
  <type>Generic</type>
 </wpt>
 <wpt lat="50.24525" lon="30.44361">
  <name>Праворуч до озера</name>
  <desc></desc>
  <sym>Generic</sym>
  <type>Generic</type>
 </wpt>
 <wpt lat="50.23246" lon="30.44054">
  <name>Ліворуч на дорогу</name>
  <desc></desc>
  <sym>Generic</sym>
  <type>Generic</type>
 </wpt>
 <wpt lat="50.225358632104786" lon="30.519203655543496">
  <name>Заправка ліворуч</name>
  <desc></desc>
  <sym>Generic</sym>
  <type>Generic</type>
 </wpt>
 <wpt lat="50.25680983983739" lon="30.510669898078337">
  <name>Трикутник праворуч</name>
  <desc></desc>
  <sym>Generic</sym>
  <type>Generic</type>
 </wpt>
 <wpt lat="50.259002611911804" lon="30.54342091211974">
  <name>Коло</name>
  <desc>Перша колова розв'язка після спуску.</desc>
  <sym>Generic</sym>
  <type>Generic</type>
 </wpt>
 <wpt lat="50.24779" lon="30.51274">
  <name>Рославка праворуч</name>
  <desc></desc>
  <sym>Generic</sym>
  <type>Generic</type>
 </wpt>
 <wpt lat="50.22628" lon="30.50612">
  <name>Креничі праворуч</name>
  <desc></desc>
  <sym>Generic</sym>
  <type>Generic</type>
 </wpt>
 <wpt lat="50.24053" lon="30.41841">
  <name>Зупинка праворуч</name>
  <desc></desc>
  <sym>Generic</sym>
  <type>Generic</type>
 </wpt>
 <wpt lat="50.24736" lon="30.43832">
  <name>Ліворуч назад</name>
  <desc></desc>
  <sym>Generic</sym>
  <type>Generic</type>
 </wpt>
 <wpt lat="50.29794" lon="30.53038">
  <name>Лісники ліворуч головна</name>
  <desc></desc>
  <sym>Generic</sym>
  <type>Generic</type>
 </wpt>
 <wpt lat="50.32448" lon="30.47563">
  <name>Хотів праворуч</name>
  <desc></desc>
  <sym>Generic</sym>
  <type>Generic</type>
 </wpt>
 <wpt lat="50.33217" lon="30.49179">
  <name>Городище ліворуч</name>
  <desc></desc>
  <sym>Generic</sym>
  <type>Generic</type>
 </wpt>
 <trk>
  <name>Тренувальна гонка VeloGO 03.10.2026</name>
  <desc>Оригінал https://www.strava.com/routes/3518237437300732998</desc>
  <link href="https://www.strava.com/routes/3539996144110761230"/>
  <type>cycling</type>
  <trkseg>
   <trkpt lat="50.41892000000001" lon="30.568980000000003">
    <ele>105.85000000000001</ele>
   </trkpt>
   <trkpt lat="50.418620000000004" lon="30.56903">
    <ele>106.4</ele>
   </trkpt>
   <trkpt lat="50.418440000000004" lon="30.569170000000003">
    <ele>106.63</ele>
   </trkpt>
   <trkpt lat="50.41792" lon="30.569390000000002">
    <ele>107.11000000000001</ele>
   </trkpt>
   <trkpt lat="50.41778000000001" lon="30.569360000000003">
    <ele>106.97000000000001</ele>
   </trkpt>
   <trkpt lat="50.41729" lon="30.56959">
    <ele>105.12</ele>
   </trkpt>
   <trkpt lat="50.41683500024328" lon="30.569825002253783">
    <ele>102.32000000000001</ele>
   </trkpt>
   <trkpt lat="50.416380000000004" lon="30.57006">
    <ele>100.94</ele>
   </trkpt>
   <trkpt lat="50.41633" lon="30.57006">
    <ele>100.96000000000001</ele>
   </trkpt>
   <trkpt lat="50.41555" lon="30.570050000000002">
    <ele>101.22</ele>
   </trkpt>
   <trkpt lat="50.415010000079185" lon="30.57001499960584">
    <ele>101.19</ele>
   </trkpt>
   <trkpt lat="50.41447" lon="30.56998">
    <ele>101.03</ele>
   </trkpt>
   <trkpt lat="50.41396" lon="30.569930000000003">
    <ele>100.61</ele>
   </trkpt>
   <trkpt lat="50.413510000050735" lon="30.569849999244273">
    <ele>100.54</ele>
   </trkpt>
   <trkpt lat="50.41306" lon="30.569770000000002">
    <ele>100.07000000000001</ele>
   </trkpt>
   <trkpt lat="50.412400000000005" lon="30.5696">
    <ele>99.97</ele>
   </trkpt>
   <trkpt lat="50.411955000143266" lon="30.569454998655434">
    <ele>101.24000000000001</ele>
   </trkpt>
   <trkpt lat="50.41151000000001" lon="30.56931">
    <ele>104.78000000000002</ele>
   </trkpt>
   <trkpt lat="50.41103499998543" lon="30.569114997972203">
    <ele>106.32000000000001</ele>
   </trkpt>
   <trkpt lat="50.410560000000004" lon="30.568920000000002">
    <ele>107.75000000000001</ele>
   </trkpt>
   <trkpt lat="50.41002500033448" lon="30.56865999708606">
    <ele>109.59</ele>
   </trkpt>
   <trkpt lat="50.409490000000005" lon="30.568400000000004">
    <ele>110.52000000000001</ele>
   </trkpt>
   <trkpt lat="50.40885750201951" lon="30.568004984190722">
    <ele>111.47000000000001</ele>
   </trkpt>
   <trkpt lat="50.40822500270155" lon="30.56760997892687">
    <ele>111.93</ele>
   </trkpt>
   <trkpt lat="50.40759250204622" lon="30.567214984207943">
    <ele>112.63000000000001</ele>
   </trkpt>
   <trkpt lat="50.406960000000005" lon="30.566820000000003">
    <ele>113.09</ele>
   </trkpt>
   <trkpt lat="50.40628000076314" lon="30.566389993811196">
    <ele>113.42</ele>
   </trkpt>
   <trkpt lat="50.40560000000001" lon="30.565960000000004">
    <ele>113.23</ele>
   </trkpt>
   <trkpt lat="50.405010000000004" lon="30.56555">
    <ele>112.31</ele>
   </trkpt>
   <trkpt lat="50.40459500024501" lon="30.565224996991365">
    <ele>111.10000000000001</ele>
   </trkpt>
   <trkpt lat="50.404180000000004" lon="30.5649">
    <ele>109.09</ele>
   </trkpt>
   <trkpt lat="50.403535001533186" lon="30.56428499154636">
    <ele>106.36000000000001</ele>
   </trkpt>
   <trkpt lat="50.402890000000006" lon="30.563670000000002">
    <ele>103.21000000000001</ele>
   </trkpt>
   <trkpt lat="50.40245" lon="30.563190000000002">
    <ele>101.39</ele>
   </trkpt>
   <trkpt lat="50.401780002688646" lon="30.562409989068158">
    <ele>99.71000000000001</ele>
   </trkpt>
   <trkpt lat="50.40111" lon="30.56163">
    <ele>99.82000000000001</ele>
   </trkpt>
   <trkpt lat="50.40069000112385" lon="30.56114999590248">
    <ele>99.87000000000002</ele>
   </trkpt>
   <trkpt lat="50.400270000000006" lon="30.560670000000002">
    <ele>99.91000000000001</ele>
   </trkpt>
   <trkpt lat="50.39963" lon="30.56002">
    <ele>99.78</ele>
   </trkpt>
   <trkpt lat="50.39889" lon="30.559350000000002">
    <ele>100.01</ele>
   </trkpt>
   <trkpt lat="50.39858" lon="30.5591">
    <ele>99.9</ele>
   </trkpt>
   <trkpt lat="50.398270000000004" lon="30.558880000000002">
    <ele>99.82000000000001</ele>
   </trkpt>
   <trkpt lat="50.39773" lon="30.558560000000003">
    <ele>99.85000000000001</ele>
   </trkpt>
   <trkpt lat="50.39717500021429" lon="30.558299996920606">
    <ele>99.82000000000001</ele>
   </trkpt>
   <trkpt lat="50.396620000000006" lon="30.558040000000002">
    <ele>99.78</ele>
   </trkpt>
   <trkpt lat="50.39576667244296" lon="30.557689930701358">
    <ele>99.25</ele>
   </trkpt>
   <trkpt lat="50.39491334383542" lon="30.557339874005194">
    <ele>99.52000000000001</ele>
   </trkpt>
   <trkpt lat="50.39406001417746" lon="30.55698982991068">
    <ele>99.62000000000002</ele>
   </trkpt>
   <trkpt lat="50.39320668346916" lon="30.556639798417017">
    <ele>99.58</ele>
   </trkpt>
   <trkpt lat="50.392353351710575" lon="30.55628977952336">
    <ele>99.66000000000001</ele>
   </trkpt>
   <trkpt lat="50.39150001890178" lon="30.555939773228904">
    <ele>99.72</ele>
   </trkpt>
   <trkpt lat="50.39064668504286" lon="30.55558977953283">
    <ele>99.93</ele>
   </trkpt>
   <trkpt lat="50.389793350133864" lon="30.55523979843431">
    <ele>99.9</ele>
   </trkpt>
   <trkpt lat="50.38894001417488" lon="30.55488982993253">
    <ele>99.73</ele>
   </trkpt>
   <trkpt lat="50.38808667716595" lon="30.554539874026673">
    <ele>99.57000000000001</ele>
   </trkpt>
   <trkpt lat="50.38723333910716" lon="30.554189930715907">
    <ele>99.34</ele>
   </trkpt>
   <trkpt lat="50.38638" lon="30.55384">
    <ele>99.27000000000001</ele>
   </trkpt>
   <trkpt lat="50.38559500043201" lon="30.55353999505177">
    <ele>99.24000000000001</ele>
   </trkpt>
   <trkpt lat="50.38481" lon="30.553240000000002">
    <ele>99.38000000000001</ele>
   </trkpt>
   <trkpt lat="50.384012859346925" lon="30.55294711332283">
    <ele>99.14</ele>
   </trkpt>
   <trkpt lat="50.38321571795848" lon="30.552654236491193">
    <ele>99.22</ele>
   </trkpt>
   <trkpt lat="50.38241857583469" lon="30.55236136950451">
    <ele>99.16000000000001</ele>
   </trkpt>
   <trkpt lat="50.38162143297558" lon="30.552068512362172">
    <ele>98.97</ele>
   </trkpt>
   <trkpt lat="50.380824289381245" lon="30.551775665063577">
    <ele>98.99000000000001</ele>
   </trkpt>
   <trkpt lat="50.3800271450517" lon="30.551482827608123">
    <ele>99.0</ele>
   </trkpt>
   <trkpt lat="50.37923000000001" lon="30.551190000000002">
    <ele>98.91000000000001</ele>
   </trkpt>
   <trkpt lat="50.378500000162695" lon="30.55094999627887">
    <ele>98.9</ele>
   </trkpt>
   <trkpt lat="50.377770000000005" lon="30.550710000000002">
    <ele>98.81</ele>
   </trkpt>
   <trkpt lat="50.37703500014604" lon="30.550509996894295">
    <ele>98.74000000000001</ele>
   </trkpt>
   <trkpt lat="50.37630000000001" lon="30.550310000000003">
    <ele>98.73</ele>
   </trkpt>
   <trkpt lat="50.375840000017334" lon="30.5502099990248">
    <ele>98.77000000000001</ele>
   </trkpt>
   <trkpt lat="50.37538000000001" lon="30.550110000000004">
    <ele>98.81</ele>
   </trkpt>
   <trkpt lat="50.37462000009595" lon="30.549959997596968">
    <ele>98.89</ele>
   </trkpt>
   <trkpt lat="50.37386000000001" lon="30.54981">
    <ele>98.96000000000001</ele>
   </trkpt>
   <trkpt lat="50.37316500014969" lon="30.549719998696503">
    <ele>99.10000000000001</ele>
   </trkpt>
   <trkpt lat="50.37247000000001" lon="30.549630000000004">
    <ele>101.94</ele>
   </trkpt>
   <trkpt lat="50.37158500007089" lon="30.549574998977725">
    <ele>104.08</ele>
   </trkpt>
   <trkpt lat="50.37070000000001" lon="30.54952">
    <ele>104.94</ele>
   </trkpt>
   <trkpt lat="50.369866666678" lon="30.549493332396846">
    <ele>103.09000000000002</ele>
   </trkpt>
   <trkpt lat="50.36903333334987" lon="30.549466665730368">
    <ele>99.16000000000001</ele>
   </trkpt>
   <trkpt lat="50.3682" lon="30.549440000000004">
    <ele>98.61</ele>
   </trkpt>
   <trkpt lat="50.36747400001056" lon="30.54940999816393">
    <ele>98.66000000000001</ele>
   </trkpt>
   <trkpt lat="50.3667480000134" lon="30.549379997245854">
    <ele>98.89</ele>
   </trkpt>
   <trkpt lat="50.366022000008535" lon="30.549349997245702">
    <ele>98.84</ele>
   </trkpt>
   <trkpt lat="50.36529599999593" lon="30.549319998163437">
    <ele>98.57000000000001</ele>
   </trkpt>
   <trkpt lat="50.36457000000001" lon="30.549290000000003">
    <ele>98.16000000000001</ele>
   </trkpt>
   <trkpt lat="50.36394000000341" lon="30.549274999800947">
    <ele>97.98</ele>
   </trkpt>
   <trkpt lat="50.363310000000006" lon="30.549260000000004">
    <ele>98.07000000000001</ele>
   </trkpt>
   <trkpt lat="50.36267666667185" lon="30.54928333395603">
    <ele>98.07000000000001</ele>
   </trkpt>
   <trkpt lat="50.36204333333902" lon="30.549306667289333">
    <ele>98.01</ele>
   </trkpt>
   <trkpt lat="50.36141000000001" lon="30.54933">
    <ele>98.10000000000001</ele>
   </trkpt>
   <trkpt lat="50.36083500000876" lon="30.549375000545137">
    <ele>98.0</ele>
   </trkpt>
   <trkpt lat="50.360260000000004" lon="30.54942">
    <ele>98.10000000000001</ele>
   </trkpt>
   <trkpt lat="50.35965000015326" lon="30.54950000204325">
    <ele>98.08000000000001</ele>
   </trkpt>
   <trkpt lat="50.359040000251625" lon="30.549580002030318">
    <ele>98.2</ele>
   </trkpt>
   <trkpt lat="50.358430000000006" lon="30.549660000000003">
    <ele>98.13000000000001</ele>
   </trkpt>
   <trkpt lat="50.35758500016336" lon="30.54983500310845">
    <ele>98.30000000000001</ele>
   </trkpt>
   <trkpt lat="50.35674" lon="30.550010000000004">
    <ele>98.26</ele>
   </trkpt>
   <trkpt lat="50.355878890421536" lon="30.55022114174359">
    <ele>98.18</ele>
   </trkpt>
   <trkpt lat="50.355017780460834" lon="30.550432275827635">
    <ele>98.31</ele>
   </trkpt>
   <trkpt lat="50.354156670117895" lon="30.550643402252643">
    <ele>98.27000000000001</ele>
   </trkpt>
   <trkpt lat="50.35329555939277" lon="30.550854521019126">
    <ele>98.29</ele>
   </trkpt>
   <trkpt lat="50.35243444828547" lon="30.551065632127585">
    <ele>98.09</ele>
   </trkpt>
   <trkpt lat="50.35157333679602" lon="30.551276735578533">
    <ele>98.21000000000001</ele>
   </trkpt>
   <trkpt lat="50.350712224924465" lon="30.55148783137248">
    <ele>98.16000000000001</ele>
   </trkpt>
   <trkpt lat="50.349851112670805" lon="30.55169891950994">
    <ele>98.04</ele>
   </trkpt>
   <trkpt lat="50.34899" lon="30.551910000000003">
    <ele>98.12</ele>
   </trkpt>
   <trkpt lat="50.34874000000001" lon="30.551900000000003">
    <ele>98.14</ele>
   </trkpt>
   <trkpt lat="50.34834000000001" lon="30.551980000000004">
    <ele>98.08000000000001</ele>
   </trkpt>
   <trkpt lat="50.347970000000004" lon="30.551990000000004">
    <ele>97.89</ele>
   </trkpt>
   <trkpt lat="50.347550000000005" lon="30.55196">
    <ele>98.26</ele>
   </trkpt>
   <trkpt lat="50.347150000000006" lon="30.551890000000004">
    <ele>98.36</ele>
   </trkpt>
   <trkpt lat="50.346790000000006" lon="30.55178">
    <ele>98.36</ele>
   </trkpt>
   <trkpt lat="50.34619000000001" lon="30.551510000000004">
    <ele>98.27000000000001</ele>
   </trkpt>
   <trkpt lat="50.34592000000001" lon="30.551350000000003">
    <ele>98.37</ele>
   </trkpt>
   <trkpt lat="50.34568" lon="30.551190000000002">
    <ele>98.41000000000001</ele>
   </trkpt>
   <trkpt lat="50.345310000000005" lon="30.550880000000003">
    <ele>98.41000000000001</ele>
   </trkpt>
   <trkpt lat="50.34514" lon="30.550710000000002">
    <ele>98.41000000000001</ele>
   </trkpt>
   <trkpt lat="50.34458000000001" lon="30.550050000000002">
    <ele>98.37</ele>
   </trkpt>
   <trkpt lat="50.34429" lon="30.549660000000003">
    <ele>98.32000000000001</ele>
   </trkpt>
   <trkpt lat="50.343920000000004" lon="30.549020000000002">
    <ele>98.27000000000001</ele>
   </trkpt>
   <trkpt lat="50.34350000306913" lon="30.548174992542922">
    <ele>98.43</ele>
   </trkpt>
   <trkpt lat="50.34308000000001" lon="30.547330000000002">
    <ele>98.42</ele>
   </trkpt>
   <trkpt lat="50.34257" lon="30.546450000000004">
    <ele>98.0</ele>
   </trkpt>
   <trkpt lat="50.34228" lon="30.546000000000003">
    <ele>98.09</ele>
   </trkpt>
   <trkpt lat="50.34173500187831" lon="30.54533499234786">
    <ele>98.51</ele>
   </trkpt>
   <trkpt lat="50.341190000000005" lon="30.544670000000004">
    <ele>98.10000000000001</ele>
   </trkpt>
   <trkpt lat="50.34065000336042" lon="30.5440433190763">
    <ele>98.14</ele>
   </trkpt>
   <trkpt lat="50.34011000335309" lon="30.54341665240136">
    <ele>98.27000000000001</ele>
   </trkpt>
   <trkpt lat="50.33957" lon="30.542790000000004">
    <ele>98.34</ele>
   </trkpt>
   <trkpt lat="50.338890000000006" lon="30.541970000000003">
    <ele>98.5</ele>
   </trkpt>
   <trkpt lat="50.33876" lon="30.541840000000004">
    <ele>95.09</ele>
   </trkpt>
   <trkpt lat="50.33874" lon="30.54173">
    <ele>95.09</ele>
   </trkpt>
   <trkpt lat="50.33836" lon="30.541370000000004">
    <ele>98.67</ele>
   </trkpt>
   <trkpt lat="50.33827" lon="30.541410000000003">
    <ele>98.7</ele>
   </trkpt>
   <trkpt lat="50.33753" lon="30.540900000000004">
    <ele>98.69000000000001</ele>
   </trkpt>
   <trkpt lat="50.337030000000006" lon="30.540670000000002">
    <ele>98.5</ele>
   </trkpt>
   <trkpt lat="50.336490000000005" lon="30.54052">
    <ele>98.63000000000001</ele>
   </trkpt>
   <trkpt lat="50.33589999991554" lon="30.540449999118156">
    <ele>99.29</ele>
   </trkpt>
   <trkpt lat="50.33531000000001" lon="30.540380000000003">
    <ele>100.34</ele>
   </trkpt>
   <trkpt lat="50.334780000100636" lon="30.540284998951297">
    <ele>101.27000000000001</ele>
   </trkpt>
   <trkpt lat="50.334250000000004" lon="30.540190000000003">
    <ele>103.15</ele>
   </trkpt>
   <trkpt lat="50.333690000000004" lon="30.540020000000002">
    <ele>104.65</ele>
   </trkpt>
   <trkpt lat="50.333130000000004" lon="30.539790000000004">
    <ele>105.55</ele>
   </trkpt>
   <trkpt lat="50.33258000000001" lon="30.539500000000004">
    <ele>106.97000000000001</ele>
   </trkpt>
   <trkpt lat="50.331850000966" lon="30.53902499270121">
    <ele>107.55000000000001</ele>
   </trkpt>
   <trkpt lat="50.331120000000006" lon="30.53855">
    <ele>107.99</ele>
   </trkpt>
   <trkpt lat="50.33055" lon="30.538220000000003">
    <ele>107.99</ele>
   </trkpt>
   <trkpt lat="50.329950000000004" lon="30.537930000000003">
    <ele>107.96000000000001</ele>
   </trkpt>
   <trkpt lat="50.329330000000006" lon="30.537720000000004">
    <ele>107.64000000000001</ele>
   </trkpt>
   <trkpt lat="50.32869" lon="30.537580000000002">
    <ele>106.21000000000001</ele>
   </trkpt>
   <trkpt lat="50.32802" lon="30.5375">
    <ele>104.24000000000001</ele>
   </trkpt>
   <trkpt lat="50.32719250003428" lon="30.53745999791112">
    <ele>101.60000000000001</ele>
   </trkpt>
   <trkpt lat="50.32636500005485" lon="30.537419997215327">
    <ele>100.22</ele>
   </trkpt>
   <trkpt lat="50.32553750006168" lon="30.537379997912538">
    <ele>99.27000000000001</ele>
   </trkpt>
   <trkpt lat="50.32471" lon="30.537340000000004">
    <ele>99.19000000000001</ele>
   </trkpt>
   <trkpt lat="50.323989999948864" lon="30.53722499824063">
    <ele>98.7</ele>
   </trkpt>
   <trkpt lat="50.32327" lon="30.537110000000002">
    <ele>98.46000000000001</ele>
   </trkpt>
   <trkpt lat="50.32247000041213" lon="30.536934991167502">
    <ele>98.29</ele>
   </trkpt>
   <trkpt lat="50.32167000056159" lon="30.53675998822622">
    <ele>98.18</ele>
   </trkpt>
   <trkpt lat="50.32087000044839" lon="30.536584991175797">
    <ele>98.35000000000001</ele>
   </trkpt>
   <trkpt lat="50.32007" lon="30.536410000000004">
    <ele>98.45</ele>
   </trkpt>
   <trkpt lat="50.31920466858582" lon="30.53623128780215">
    <ele>98.41000000000001</ele>
   </trkpt>
   <trkpt lat="50.31833933689772" lon="30.5360525821107">
    <ele>98.34</ele>
   </trkpt>
   <trkpt lat="50.31747400493574" lon="30.535873882925216">
    <ele>98.51</ele>
   </trkpt>
   <trkpt lat="50.31660867269988" lon="30.53569519024528">
    <ele>98.49000000000001</ele>
   </trkpt>
   <trkpt lat="50.31574334019017" lon="30.535516504070454">
    <ele>98.55000000000001</ele>
   </trkpt>
   <trkpt lat="50.314878007406605" lon="30.53533782440028">
    <ele>98.77000000000001</ele>
   </trkpt>
   <trkpt lat="50.31401267434924" lon="30.535159151234353">
    <ele>99.09</ele>
   </trkpt>
   <trkpt lat="50.31314734101806" lon="30.534980484572227">
    <ele>99.26000000000002</ele>
   </trkpt>
   <trkpt lat="50.31228200741311" lon="30.53480182441346">
    <ele>99.45</ele>
   </trkpt>
   <trkpt lat="50.31141667353439" lon="30.534623170757623">
    <ele>99.56</ele>
   </trkpt>
   <trkpt lat="50.310551339381924" lon="30.53444452360429">
    <ele>100.05000000000001</ele>
   </trkpt>
   <trkpt lat="50.30968600495573" lon="30.534265882953015">
    <ele>101.59000000000002</ele>
   </trkpt>
   <trkpt lat="50.30882067025582" lon="30.534087248803367">
    <ele>103.33</ele>
   </trkpt>
   <trkpt lat="50.30795533528222" lon="30.533908621154918">
    <ele>104.95000000000002</ele>
   </trkpt>
   <trkpt lat="50.30709" lon="30.533730000000002">
    <ele>105.72000000000001</ele>
   </trkpt>
   <trkpt lat="50.30633" lon="30.533640000000002">
    <ele>106.00000000000001</ele>
   </trkpt>
   <trkpt lat="50.3057099998586" lon="30.533604999535445">
    <ele>106.17000000000002</ele>
   </trkpt>
   <trkpt lat="50.30509000000001" lon="30.53357">
    <ele>106.15</ele>
   </trkpt>
   <trkpt lat="50.30435799998259" lon="30.533576000369532">
    <ele>105.71000000000001</ele>
   </trkpt>
   <trkpt lat="50.30362599996485" lon="30.533582000554357">
    <ele>104.98</ele>
   </trkpt>
   <trkpt lat="50.30289399994682" lon="30.533588000554495">
    <ele>103.57000000000001</ele>
   </trkpt>
   <trkpt lat="50.30216199992846" lon="30.533594000369956">
    <ele>102.49000000000001</ele>
   </trkpt>
   <trkpt lat="50.30143" lon="30.533600000000003">
    <ele>100.9</ele>
   </trkpt>
   <trkpt lat="50.30078666668016" lon="30.53358333288279">
    <ele>100.14</ele>
   </trkpt>
   <trkpt lat="50.30014333335793" lon="30.53356666621642">
    <ele>99.73</ele>
   </trkpt>
   <trkpt lat="50.2995" lon="30.53355">
    <ele>99.47</ele>
   </trkpt>
   <trkpt lat="50.29887333330509" lon="30.533543333157382">
    <ele>99.49000000000001</ele>
   </trkpt>
   <trkpt lat="50.29824666660977" lon="30.533536666490416">
    <ele>99.49000000000001</ele>
   </trkpt>
   <trkpt lat="50.29762" lon="30.533530000000003">
    <ele>99.47</ele>
   </trkpt>
   <trkpt lat="50.297230000000006" lon="30.533510000000003">
    <ele>99.58</ele>
   </trkpt>
   <trkpt lat="50.29712000000001" lon="30.533450000000002">
    <ele>99.58</ele>
   </trkpt>
   <trkpt lat="50.297140000000006" lon="30.53346">
    <ele>99.57000000000001</ele>
   </trkpt>
   <trkpt lat="50.29706" lon="30.533390000000004">
    <ele>99.64</ele>
   </trkpt>
   <trkpt lat="50.296980000000005" lon="30.533170000000002">
    <ele>99.64</ele>
   </trkpt>
   <trkpt lat="50.296980000000005" lon="30.532940000000004">
    <ele>99.54</ele>
   </trkpt>
   <trkpt lat="50.29718500183716" lon="30.532290002721478">
    <ele>99.54</ele>
   </trkpt>
   <trkpt lat="50.29739000000001" lon="30.531640000000003">
    <ele>99.60000000000001</ele>
   </trkpt>
   <trkpt lat="50.29761500178695" lon="30.531000002941084">
    <ele>99.62000000000002</ele>
   </trkpt>
   <trkpt lat="50.29784" lon="30.53036">
    <ele>100.86</ele>
   </trkpt>
   <trkpt lat="50.297740000000005" lon="30.530320000000003">
    <ele>101.11</ele>
   </trkpt>
   <trkpt lat="50.29759000000001" lon="30.530300000000004">
    <ele>101.34000000000002</ele>
   </trkpt>
   <trkpt lat="50.29697" lon="30.530580000000004">
    <ele>102.91000000000001</ele>
   </trkpt>
   <trkpt lat="50.29684" lon="30.530620000000003">
    <ele>104.14000000000001</ele>
   </trkpt>
   <trkpt lat="50.29657" lon="30.530590000000004">
    <ele>104.85000000000001</ele>
   </trkpt>
   <trkpt lat="50.296440000000004" lon="30.530530000000002">
    <ele>105.28000000000002</ele>
   </trkpt>
   <trkpt lat="50.296330000000005" lon="30.530420000000003">
    <ele>105.3</ele>
   </trkpt>
   <trkpt lat="50.29612" lon="30.530120000000004">
    <ele>105.08</ele>
   </trkpt>
   <trkpt lat="50.29568000298525" lon="30.52929499249385">
    <ele>104.56000000000002</ele>
   </trkpt>
   <trkpt lat="50.29524000000001" lon="30.528470000000002">
    <ele>105.85000000000001</ele>
   </trkpt>
   <trkpt lat="50.29487" lon="30.527970000000003">
    <ele>107.11000000000001</ele>
   </trkpt>
   <trkpt lat="50.294290001377725" lon="30.527409993204785">
    <ele>109.79</ele>
   </trkpt>
   <trkpt lat="50.293710000000004" lon="30.526850000000003">
    <ele>111.45</ele>
   </trkpt>
   <trkpt lat="50.29300000748386" lon="30.526189960615167">
    <ele>113.59</ele>
   </trkpt>
   <trkpt lat="50.29229001123075" lon="30.525529940928532">
    <ele>115.24000000000001</ele>
   </trkpt>
   <trkpt lat="50.29158001124088" lon="30.52486994093912">
    <ele>115.4</ele>
   </trkpt>
   <trkpt lat="50.290870007514464" lon="30.52420996064595">
    <ele>114.56</ele>
   </trkpt>
   <trkpt lat="50.29016000000001" lon="30.523550000000004">
    <ele>113.43</ele>
   </trkpt>
   <trkpt lat="50.28936000309933" lon="30.52294997983435">
    <ele>111.98</ele>
   </trkpt>
   <trkpt lat="50.288560003110355" lon="30.52234997984305">
    <ele>109.07000000000001</ele>
   </trkpt>
   <trkpt lat="50.287760000000006" lon="30.52175">
    <ele>104.36</ele>
   </trkpt>
   <trkpt lat="50.287220000000005" lon="30.52137">
    <ele>102.83</ele>
   </trkpt>
   <trkpt lat="50.28647" lon="30.521050000000002">
    <ele>101.26</ele>
   </trkpt>
   <trkpt lat="50.285625000452306" lon="30.520734994417126">
    <ele>99.9</ele>
   </trkpt>
   <trkpt lat="50.284780000000005" lon="30.52042">
    <ele>99.69000000000001</ele>
   </trkpt>
   <trkpt lat="50.284600000000005" lon="30.52032">
    <ele>99.61</ele>
   </trkpt>
   <trkpt lat="50.284420000000004" lon="30.520160000000004">
    <ele>99.65</ele>
   </trkpt>
   <trkpt lat="50.2843" lon="30.519980000000004">
    <ele>99.74000000000001</ele>
   </trkpt>
   <trkpt lat="50.28394" lon="30.518700000000003">
    <ele>101.79</ele>
   </trkpt>
   <trkpt lat="50.283770000000004" lon="30.518490000000003">
    <ele>101.96000000000001</ele>
   </trkpt>
   <trkpt lat="50.28313666768101" lon="30.518133323798164">
    <ele>101.79</ele>
   </trkpt>
   <trkpt lat="50.28250333427068" lon="30.5177766570883">
    <ele>102.01</ele>
   </trkpt>
   <trkpt lat="50.281870000000005" lon="30.51742">
    <ele>102.28</ele>
   </trkpt>
   <trkpt lat="50.28155" lon="30.51733">
    <ele>102.44</ele>
   </trkpt>
   <trkpt lat="50.28141" lon="30.51732">
    <ele>102.57000000000001</ele>
   </trkpt>
   <trkpt lat="50.28126" lon="30.51734">
    <ele>102.73</ele>
   </trkpt>
   <trkpt lat="50.28054000058092" lon="30.517705005516127">
    <ele>102.84000000000002</ele>
   </trkpt>
   <trkpt lat="50.27982" lon="30.51807">
    <ele>103.08</ele>
   </trkpt>
   <trkpt lat="50.279680000000006" lon="30.5179">
    <ele>103.24000000000001</ele>
   </trkpt>
   <trkpt lat="50.27949" lon="30.51769">
    <ele>103.88000000000001</ele>
   </trkpt>
   <trkpt lat="50.27913500090669" lon="30.517224996505014">
    <ele>105.69</ele>
   </trkpt>
   <trkpt lat="50.278780000000005" lon="30.51676">
    <ele>109.65</ele>
   </trkpt>
   <trkpt lat="50.278780000000005" lon="30.51677">
    <ele>109.65</ele>
   </trkpt>
   <trkpt lat="50.279340000000005" lon="30.515850000000004">
    <ele>109.44000000000001</ele>
   </trkpt>
   <trkpt lat="50.279540000000004" lon="30.51537">
    <ele>109.21000000000001</ele>
   </trkpt>
   <trkpt lat="50.27978" lon="30.514460000000003">
    <ele>108.91000000000001</ele>
   </trkpt>
   <trkpt lat="50.28003000139757" lon="30.51386500341287">
    <ele>108.11000000000001</ele>
   </trkpt>
   <trkpt lat="50.280280000000005" lon="30.513270000000002">
    <ele>106.53000000000002</ele>
   </trkpt>
   <trkpt lat="50.28063" lon="30.51235">
    <ele>103.85000000000001</ele>
   </trkpt>
   <trkpt lat="50.28083" lon="30.51199">
    <ele>102.87</ele>
   </trkpt>
   <trkpt lat="50.28112" lon="30.511530000000004">
    <ele>102.41000000000001</ele>
   </trkpt>
   <trkpt lat="50.28128" lon="30.511150000000004">
    <ele>102.3</ele>
   </trkpt>
   <trkpt lat="50.281560000000006" lon="30.510360000000002">
    <ele>102.23</ele>
   </trkpt>
   <trkpt lat="50.28172000000001" lon="30.509770000000003">
    <ele>102.49000000000001</ele>
   </trkpt>
   <trkpt lat="50.28194000373653" lon="30.50884000418578">
    <ele>102.36</ele>
   </trkpt>
   <trkpt lat="50.282160000000005" lon="30.507910000000003">
    <ele>103.07000000000001</ele>
   </trkpt>
   <trkpt lat="50.2823300026813" lon="30.507130002457092">
    <ele>103.42000000000002</ele>
   </trkpt>
   <trkpt lat="50.282500000000006" lon="30.50635">
    <ele>103.96000000000001</ele>
   </trkpt>
   <trkpt lat="50.28284502092373" lon="30.505075027705722">
    <ele>103.70000000000002</ele>
   </trkpt>
   <trkpt lat="50.283190027902116" lon="30.503800036927593">
    <ele>103.66</ele>
   </trkpt>
   <trkpt lat="50.283535020934806" lon="30.50252502766588">
    <ele>103.23</ele>
   </trkpt>
   <trkpt lat="50.28388" lon="30.501250000000002">
    <ele>103.04</ele>
   </trkpt>
   <trkpt lat="50.28405500201341" lon="30.5005550027875">
    <ele>103.19</ele>
   </trkpt>
   <trkpt lat="50.28423" lon="30.49986">
    <ele>103.37</ele>
   </trkpt>
   <trkpt lat="50.28427000000001" lon="30.499630000000003">
    <ele>103.37</ele>
   </trkpt>
   <trkpt lat="50.284330000000004" lon="30.498920000000002">
    <ele>103.23</ele>
   </trkpt>
   <trkpt lat="50.28434000000001" lon="30.49808">
    <ele>103.42000000000002</ele>
   </trkpt>
   <trkpt lat="50.28434000000001" lon="30.496830000000003">
    <ele>103.52000000000001</ele>
   </trkpt>
   <trkpt lat="50.28431000802067" lon="30.495863332257084">
    <ele>103.5</ele>
   </trkpt>
   <trkpt lat="50.284280008025064" lon="30.49489666573264">
    <ele>103.72</ele>
   </trkpt>
   <trkpt lat="50.28425000000001" lon="30.493930000000002">
    <ele>104.19</ele>
   </trkpt>
   <trkpt lat="50.2845" lon="30.493920000000003">
    <ele>103.95000000000002</ele>
   </trkpt>
   <trkpt lat="50.28506000025415" lon="30.494119997676215">
    <ele>103.78000000000002</ele>
   </trkpt>
   <trkpt lat="50.28562" lon="30.494320000000002">
    <ele>103.60000000000001</ele>
   </trkpt>
   <trkpt lat="50.28584000000001" lon="30.494360000000004">
    <ele>103.53000000000002</ele>
   </trkpt>
   <trkpt lat="50.286500000000004" lon="30.494290000000003">
    <ele>103.77000000000001</ele>
   </trkpt>
   <trkpt lat="50.28708500001513" lon="30.49425000049114">
    <ele>105.59</ele>
   </trkpt>
   <trkpt lat="50.287670000000006" lon="30.494210000000002">
    <ele>108.48</ele>
   </trkpt>
   <trkpt lat="50.287910000000004" lon="30.494100000000003">
    <ele>110.19000000000001</ele>
   </trkpt>
   <trkpt lat="50.28862" lon="30.493240000000004">
    <ele>113.67</ele>
   </trkpt>
   <trkpt lat="50.289245001448656" lon="30.49266000761242">
    <ele>117.35000000000001</ele>
   </trkpt>
   <trkpt lat="50.28987000000001" lon="30.49208">
    <ele>119.89000000000001</ele>
   </trkpt>
   <trkpt lat="50.29049000131402" lon="30.49153500706595">
    <ele>123.67000000000002</ele>
   </trkpt>
   <trkpt lat="50.29111" lon="30.490990000000004">
    <ele>124.75000000000001</ele>
   </trkpt>
   <trkpt lat="50.29142" lon="30.49077">
    <ele>125.67</ele>
   </trkpt>
   <trkpt lat="50.2918" lon="30.490340000000003">
    <ele>127.68</ele>
   </trkpt>
   <trkpt lat="50.292205001880376" lon="30.489675005687246">
    <ele>127.79</ele>
   </trkpt>
   <trkpt lat="50.29261" lon="30.489010000000004">
    <ele>126.27000000000002</ele>
   </trkpt>
   <trkpt lat="50.2930600016234" lon="30.488390005898726">
    <ele>123.81</ele>
   </trkpt>
   <trkpt lat="50.293510000000005" lon="30.48777">
    <ele>122.31000000000002</ele>
   </trkpt>
   <trkpt lat="50.293620000000004" lon="30.487510000000004">
    <ele>122.05</ele>
   </trkpt>
   <trkpt lat="50.29372000000001" lon="30.486880000000003">
    <ele>120.95000000000002</ele>
   </trkpt>
   <trkpt lat="50.29377" lon="30.48627">
    <ele>120.21000000000001</ele>
   </trkpt>
   <trkpt lat="50.293960003214565" lon="30.485405003429776">
    <ele>119.98</ele>
   </trkpt>
   <trkpt lat="50.29415" lon="30.484540000000003">
    <ele>120.24000000000001</ele>
   </trkpt>
   <trkpt lat="50.29447500680125" lon="30.483280008638083">
    <ele>119.61</ele>
   </trkpt>
   <trkpt lat="50.2948" lon="30.482020000000002">
    <ele>118.84000000000002</ele>
   </trkpt>
   <trkpt lat="50.294990000000006" lon="30.481220000000004">
    <ele>118.29</ele>
   </trkpt>
   <trkpt lat="50.295276676666404" lon="30.480140013036195">
    <ele>117.9</ele>
   </trkpt>
   <trkpt lat="50.29556334332754" lon="30.47906001305724">
    <ele>117.5</ele>
   </trkpt>
   <trkpt lat="50.29585" lon="30.477980000000002">
    <ele>117.67</ele>
   </trkpt>
   <trkpt lat="50.296130000000005" lon="30.477090000000004">
    <ele>119.69</ele>
   </trkpt>
   <trkpt lat="50.296393340468896" lon="30.476176676846915">
    <ele>121.71000000000001</ele>
   </trkpt>
   <trkpt lat="50.296656673782344" lon="30.475263343582707">
    <ele>122.62</ele>
   </trkpt>
   <trkpt lat="50.29692000000001" lon="30.47435">
    <ele>122.31000000000002</ele>
   </trkpt>
   <trkpt lat="50.29713" lon="30.473440000000004">
    <ele>120.95000000000002</ele>
   </trkpt>
   <trkpt lat="50.297320000000006" lon="30.472920000000002">
    <ele>120.39000000000001</ele>
   </trkpt>
   <trkpt lat="50.29771500322624" lon="30.47205000726802">
    <ele>119.64000000000001</ele>
   </trkpt>
   <trkpt lat="50.29811" lon="30.471180000000004">
    <ele>116.81</ele>
   </trkpt>
   <trkpt lat="50.298350000000006" lon="30.470540000000003">
    <ele>116.31</ele>
   </trkpt>
   <trkpt lat="50.298456673994764" lon="30.469616670676366">
    <ele>115.07000000000001</ele>
   </trkpt>
   <trkpt lat="50.2985633406766" lon="30.46869333721184">
    <ele>114.91000000000001</ele>
   </trkpt>
   <trkpt lat="50.29867" lon="30.46777">
    <ele>114.40000000000002</ele>
   </trkpt>
   <trkpt lat="50.29867" lon="30.467560000000002">
    <ele>114.24000000000001</ele>
   </trkpt>
   <trkpt lat="50.29798" lon="30.466970000000003">
    <ele>111.47000000000001</ele>
   </trkpt>
   <trkpt lat="50.297880000000006" lon="30.46683">
    <ele>111.44000000000001</ele>
   </trkpt>
   <trkpt lat="50.29791" lon="30.466490000000004">
    <ele>110.92</ele>
   </trkpt>
   <trkpt lat="50.2982133393013" lon="30.465656677263464">
    <ele>111.84</ele>
   </trkpt>
   <trkpt lat="50.29851667264584" lon="30.464823343899482">
    <ele>114.26</ele>
   </trkpt>
   <trkpt lat="50.298820000000006" lon="30.463990000000003">
    <ele>114.84</ele>
   </trkpt>
   <trkpt lat="50.29914334212111" lon="30.462980013612672">
    <ele>114.44000000000001</ele>
   </trkpt>
   <trkpt lat="50.29946667549214" lon="30.4619700134951">
    <ele>113.67</ele>
   </trkpt>
   <trkpt lat="50.29979" lon="30.460960000000004">
    <ele>113.17</ele>
   </trkpt>
   <trkpt lat="50.29994000000001" lon="30.460610000000003">
    <ele>113.67</ele>
   </trkpt>
   <trkpt lat="50.300110000000004" lon="30.460290000000004">
    <ele>113.94000000000001</ele>
   </trkpt>
   <trkpt lat="50.30039000000001" lon="30.459870000000002">
    <ele>114.45</ele>
   </trkpt>
   <trkpt lat="50.30055" lon="30.459760000000003">
    <ele>114.7</ele>
   </trkpt>
   <trkpt lat="50.30055" lon="30.459750000000003">
    <ele>114.68</ele>
   </trkpt>
   <trkpt lat="50.299780000000005" lon="30.45924">
    <ele>112.89</ele>
   </trkpt>
   <trkpt lat="50.29932" lon="30.458890000000004">
    <ele>112.60000000000001</ele>
   </trkpt>
   <trkpt lat="50.298543335793084" lon="30.45835331580195">
    <ele>112.01</ele>
   </trkpt>
   <trkpt lat="50.29776666911557" lon="30.45781664912816">
    <ele>112.47000000000001</ele>
   </trkpt>
   <trkpt lat="50.29699" lon="30.45728">
    <ele>112.73</ele>
   </trkpt>
   <trkpt lat="50.29619" lon="30.456680000000002">
    <ele>113.49000000000001</ele>
   </trkpt>
   <trkpt lat="50.29551000000001" lon="30.456000000000003">
    <ele>115.24000000000001</ele>
   </trkpt>
   <trkpt lat="50.29482750896483" lon="30.455164964057357">
    <ele>117.11</ele>
   </trkpt>
   <trkpt lat="50.29414501194852" lon="30.454329952071816">
    <ele>118.52000000000001</ele>
   </trkpt>
   <trkpt lat="50.29346250895136" lon="30.45349496404232">
    <ele>119.65</ele>
   </trkpt>
   <trkpt lat="50.29278000000001" lon="30.45266">
    <ele>122.32000000000001</ele>
   </trkpt>
   <trkpt lat="50.29236" lon="30.452310000000004">
    <ele>123.63</ele>
   </trkpt>
   <trkpt lat="50.29173000308423" lon="30.45182248065639">
    <ele>124.81</ele>
   </trkpt>
   <trkpt lat="50.29110000412968" lon="30.451334974222405">
    <ele>126.54</ele>
   </trkpt>
   <trkpt lat="50.29047000313647" lon="30.450847480697472">
    <ele>129.12</ele>
   </trkpt>
   <trkpt lat="50.289840000000005" lon="30.450360000000003">
    <ele>130.20000000000002</ele>
   </trkpt>
   <trkpt lat="50.289390000000004" lon="30.45004">
    <ele>132.47</ele>
   </trkpt>
   <trkpt lat="50.289010000000005" lon="30.449820000000003">
    <ele>136.46</ele>
   </trkpt>
   <trkpt lat="50.288650000000004" lon="30.44977">
    <ele>138.14000000000001</ele>
   </trkpt>
   <trkpt lat="50.28804999993654" lon="30.44974333265781">
    <ele>143.53000000000003</ele>
   </trkpt>
   <trkpt lat="50.28744999986698" lon="30.44971666598806">
    <ele>146.39000000000001</ele>
   </trkpt>
   <trkpt lat="50.28685" lon="30.449690000000004">
    <ele>151.07</ele>
   </trkpt>
   <trkpt lat="50.28665" lon="30.449620000000003">
    <ele>151.93</ele>
   </trkpt>
   <trkpt lat="50.286460000000005" lon="30.449530000000003">
    <ele>151.93</ele>
   </trkpt>
   <trkpt lat="50.286280000000005" lon="30.449400000000004">
    <ele>153.38000000000002</ele>
   </trkpt>
   <trkpt lat="50.285880000000006" lon="30.449050000000003">
    <ele>154.72000000000003</ele>
   </trkpt>
   <trkpt lat="50.2852650001961" lon="30.44881999701639">
    <ele>157.84</ele>
   </trkpt>
   <trkpt lat="50.284650000000006" lon="30.448590000000003">
    <ele>159.99</ele>
   </trkpt>
   <trkpt lat="50.284380000000006" lon="30.448510000000002">
    <ele>161.09</ele>
   </trkpt>
   <trkpt lat="50.28398000000001" lon="30.448470000000004">
    <ele>162.71</ele>
   </trkpt>
   <trkpt lat="50.28345" lon="30.44854">
    <ele>163.37</ele>
   </trkpt>
   <trkpt lat="50.282680000000006" lon="30.449160000000003">
    <ele>165.18</ele>
   </trkpt>
   <trkpt lat="50.28213" lon="30.44947">
    <ele>169.69</ele>
   </trkpt>
   <trkpt lat="50.28172000000001" lon="30.449600000000004">
    <ele>172.0</ele>
   </trkpt>
   <trkpt lat="50.2813" lon="30.449620000000003">
    <ele>173.34000000000003</ele>
   </trkpt>
   <trkpt lat="50.28103" lon="30.449530000000003">
    <ele>173.75</ele>
   </trkpt>
   <trkpt lat="50.280710000000006" lon="30.44948">
    <ele>174.14000000000001</ele>
   </trkpt>
   <trkpt lat="50.28061" lon="30.449510000000004">
    <ele>174.29</ele>
   </trkpt>
   <trkpt lat="50.28052" lon="30.44956">
    <ele>174.36</ele>
   </trkpt>
   <trkpt lat="50.28043" lon="30.449710000000003">
    <ele>174.51000000000002</ele>
   </trkpt>
   <trkpt lat="50.280280000000005" lon="30.450070000000004">
    <ele>175.3</ele>
   </trkpt>
   <trkpt lat="50.279970000000006" lon="30.45099">
    <ele>175.81000000000003</ele>
   </trkpt>
   <trkpt lat="50.279810000000005" lon="30.451210000000003">
    <ele>175.93</ele>
   </trkpt>
   <trkpt lat="50.279650000000004" lon="30.451340000000002">
    <ele>175.95000000000002</ele>
   </trkpt>
   <trkpt lat="50.27915" lon="30.451600000000003">
    <ele>176.18</ele>
   </trkpt>
   <trkpt lat="50.278960000000005" lon="30.451680000000003">
    <ele>176.31000000000003</ele>
   </trkpt>
   <trkpt lat="50.278760000000005" lon="30.45173">
    <ele>176.31000000000003</ele>
   </trkpt>
   <trkpt lat="50.278400000000005" lon="30.451760000000004">
    <ele>176.66</ele>
   </trkpt>
   <trkpt lat="50.27769333330558" lon="30.451733332540364">
    <ele>176.31000000000003</ele>
   </trkpt>
   <trkpt lat="50.27698666660504" lon="30.45170666587244">
    <ele>174.1</ele>
   </trkpt>
   <trkpt lat="50.27628000000001" lon="30.451680000000003">
    <ele>170.22</ele>
   </trkpt>
   <trkpt lat="50.27609" lon="30.451700000000002">
    <ele>168.47</ele>
   </trkpt>
   <trkpt lat="50.275870000000005" lon="30.45182">
    <ele>166.92000000000002</ele>
   </trkpt>
   <trkpt lat="50.275340001815024" lon="30.452276676811774">
    <ele>161.68</ele>
   </trkpt>
   <trkpt lat="50.27481000184086" lon="30.45273334345602">
    <ele>156.60999999999999</ele>
   </trkpt>
   <trkpt lat="50.274280000000005" lon="30.453190000000003">
    <ele>151.63000000000002</ele>
   </trkpt>
   <trkpt lat="50.274170000000005" lon="30.45334">
    <ele>149.66000000000003</ele>
   </trkpt>
   <trkpt lat="50.27391" lon="30.453780000000002">
    <ele>146.45000000000002</ele>
   </trkpt>
   <trkpt lat="50.27345333926685" lon="30.454613349363072">
    <ele>142.58</ele>
   </trkpt>
   <trkpt lat="50.27299667257582" lon="30.455446682740632">
    <ele>135.54000000000002</ele>
   </trkpt>
   <trkpt lat="50.272540000000006" lon="30.456280000000003">
    <ele>129.37</ele>
   </trkpt>
   <trkpt lat="50.27211500228512" lon="30.457015006616246">
    <ele>124.16000000000001</ele>
   </trkpt>
   <trkpt lat="50.27169000000001" lon="30.45775">
    <ele>120.88000000000001</ele>
   </trkpt>
   <trkpt lat="50.27129500169842" lon="30.458375005148667">
    <ele>119.34000000000002</ele>
   </trkpt>
   <trkpt lat="50.270900000000005" lon="30.459000000000003">
    <ele>119.03000000000002</ele>
   </trkpt>
   <trkpt lat="50.27055000000001" lon="30.45971">
    <ele>118.56000000000002</ele>
   </trkpt>
   <trkpt lat="50.270270000000004" lon="30.46036">
    <ele>118.74000000000001</ele>
   </trkpt>
   <trkpt lat="50.26999000000001" lon="30.461060000000003">
    <ele>119.52000000000001</ele>
   </trkpt>
   <trkpt lat="50.26957000658394" lon="30.462300010971955">
    <ele>121.53000000000002</ele>
   </trkpt>
   <trkpt lat="50.26915" lon="30.463540000000002">
    <ele>123.50000000000001</ele>
   </trkpt>
   <trkpt lat="50.26897" lon="30.463790000000003">
    <ele>123.97000000000001</ele>
   </trkpt>
   <trkpt lat="50.2685550006339" lon="30.464180003416168">
    <ele>126.66000000000003</ele>
   </trkpt>
   <trkpt lat="50.26814" lon="30.464570000000002">
    <ele>129.24</ele>
   </trkpt>
   <trkpt lat="50.268130000000006" lon="30.464570000000002">
    <ele>129.29000000000002</ele>
   </trkpt>
   <trkpt lat="50.268040000000006" lon="30.464260000000003">
    <ele>129.98000000000002</ele>
   </trkpt>
   <trkpt lat="50.267815005463646" lon="30.463129994591068">
    <ele>132.73000000000002</ele>
   </trkpt>
   <trkpt lat="50.267590000000006" lon="30.462000000000003">
    <ele>138.35</ele>
   </trkpt>
   <trkpt lat="50.26733251852711" lon="30.460799980512235">
    <ele>144.21</ele>
   </trkpt>
   <trkpt lat="50.26707502469939" lon="30.45959997400089">
    <ele>144.4</ele>
   </trkpt>
   <trkpt lat="50.26681751851709" lon="30.458399980466325">
    <ele>140.87000000000003</ele>
   </trkpt>
   <trkpt lat="50.266560000000005" lon="30.457200000000004">
    <ele>133.73000000000002</ele>
   </trkpt>
   <trkpt lat="50.266400000000004" lon="30.456220000000002">
    <ele>131.76999999999998</ele>
   </trkpt>
   <trkpt lat="50.26628" lon="30.455690000000004">
    <ele>131.07000000000002</ele>
   </trkpt>
   <trkpt lat="50.26604000269909" lon="30.45489499595336">
    <ele>131.51999999999998</ele>
   </trkpt>
   <trkpt lat="50.265800000000006" lon="30.454100000000004">
    <ele>133.18</ele>
   </trkpt>
   <trkpt lat="50.26559000328656" lon="30.453224996150833">
    <ele>135.84</ele>
   </trkpt>
   <trkpt lat="50.26538000000001" lon="30.452350000000003">
    <ele>135.95000000000002</ele>
   </trkpt>
   <trkpt lat="50.265235002643095" lon="30.451564997607854">
    <ele>134.12</ele>
   </trkpt>
   <trkpt lat="50.26509" lon="30.45078">
    <ele>132.91</ele>
   </trkpt>
   <trkpt lat="50.26494" lon="30.450120000000002">
    <ele>132.61</ele>
   </trkpt>
   <trkpt lat="50.26464000000001" lon="30.449360000000002">
    <ele>132.47</ele>
   </trkpt>
   <trkpt lat="50.26407503551651" lon="30.448272409699815">
    <ele>132.26000000000002</ele>
   </trkpt>
   <trkpt lat="50.26351006088467" lon="30.44718484520128">
    <ele>133.26000000000002</ele>
   </trkpt>
   <trkpt lat="50.26294507610497" lon="30.446097306503727">
    <ele>134.02</ele>
   </trkpt>
   <trkpt lat="50.26238008117784" lon="30.445009793606488">
    <ele>135.6</ele>
   </trkpt>
   <trkpt lat="50.26181507610371" lon="30.443922306508906">
    <ele>136.23000000000002</ele>
   </trkpt>
   <trkpt lat="50.261250060883036" lon="30.442834845210307">
    <ele>134.84</ele>
   </trkpt>
   <trkpt lat="50.26068503551627" lon="30.44174740971003">
    <ele>133.32000000000002</ele>
   </trkpt>
   <trkpt lat="50.26012" lon="30.44066">
    <ele>132.87</ele>
   </trkpt>
   <trkpt lat="50.259710000000005" lon="30.440170000000002">
    <ele>133.13</ele>
   </trkpt>
   <trkpt lat="50.259370000000004" lon="30.439870000000003">
    <ele>133.15</ele>
   </trkpt>
   <trkpt lat="50.259080000000004" lon="30.439500000000002">
    <ele>133.32000000000002</ele>
   </trkpt>
   <trkpt lat="50.25876" lon="30.439210000000003">
    <ele>133.98000000000002</ele>
   </trkpt>
   <trkpt lat="50.258410000000005" lon="30.43906">
    <ele>134.99</ele>
   </trkpt>
   <trkpt lat="50.258370000000006" lon="30.439040000000002">
    <ele>134.99</ele>
   </trkpt>
   <trkpt lat="50.258" lon="30.438940000000002">
    <ele>136.05</ele>
   </trkpt>
   <trkpt lat="50.257180000000005" lon="30.438860000000002">
    <ele>139.11</ele>
   </trkpt>
   <trkpt lat="50.25677" lon="30.43877">
    <ele>141.23000000000002</ele>
   </trkpt>
   <trkpt lat="50.25654" lon="30.438620000000004">
    <ele>142.59000000000003</ele>
   </trkpt>
   <trkpt lat="50.256080000000004" lon="30.43793">
    <ele>144.85</ele>
   </trkpt>
   <trkpt lat="50.25589" lon="30.437610000000003">
    <ele>145.39000000000001</ele>
   </trkpt>
   <trkpt lat="50.255790000000005" lon="30.437580000000004">
    <ele>145.42000000000002</ele>
   </trkpt>
   <trkpt lat="50.25535000000001" lon="30.437310000000004">
    <ele>146.55</ele>
   </trkpt>
   <trkpt lat="50.255" lon="30.436960000000003">
    <ele>147.6</ele>
   </trkpt>
   <trkpt lat="50.25484" lon="30.436740000000004">
    <ele>147.21</ele>
   </trkpt>
   <trkpt lat="50.25417" lon="30.435930000000003">
    <ele>147.43</ele>
   </trkpt>
   <trkpt lat="50.253980000000006" lon="30.43578">
    <ele>147.56000000000003</ele>
   </trkpt>
   <trkpt lat="50.25320000000001" lon="30.435570000000002">
    <ele>148.21</ele>
   </trkpt>
   <trkpt lat="50.253220000000006" lon="30.435570000000002">
    <ele>148.21</ele>
   </trkpt>
   <trkpt lat="50.252660000000006" lon="30.435570000000002">
    <ele>149.01</ele>
   </trkpt>
   <trkpt lat="50.25242" lon="30.435650000000003">
    <ele>149.43</ele>
   </trkpt>
   <trkpt lat="50.25175" lon="30.43596">
    <ele>153.02</ele>
   </trkpt>
   <trkpt lat="50.25099" lon="30.43607">
    <ele>161.97</ele>
   </trkpt>
   <trkpt lat="50.25041" lon="30.436020000000003">
    <ele>170.81</ele>
   </trkpt>
   <trkpt lat="50.250260000000004" lon="30.43605">
    <ele>172.39000000000001</ele>
   </trkpt>
   <trkpt lat="50.24998" lon="30.436370000000004">
    <ele>172.79000000000002</ele>
   </trkpt>
   <trkpt lat="50.249500000000005" lon="30.437230000000003">
    <ele>167.54000000000002</ele>
   </trkpt>
   <trkpt lat="50.248870000000004" lon="30.437790000000003">
    <ele>161.05</ele>
   </trkpt>
   <trkpt lat="50.24841000045223" lon="30.43814000343425">
    <ele>158.99</ele>
   </trkpt>
   <trkpt lat="50.24795" lon="30.43849">
    <ele>157.12</ele>
   </trkpt>
   <trkpt lat="50.24765000000001" lon="30.438650000000003">
    <ele>156.52</ele>
   </trkpt>
   <trkpt lat="50.2473" lon="30.438650000000003">
    <ele>156.04000000000002</ele>
   </trkpt>
   <trkpt lat="50.247220000000006" lon="30.438940000000002">
    <ele>155.38000000000002</ele>
   </trkpt>
   <trkpt lat="50.24696" lon="30.439670000000003">
    <ele>152.86</ele>
   </trkpt>
   <trkpt lat="50.246665002073236" lon="30.440360004199494">
    <ele>150.00000000000003</ele>
   </trkpt>
   <trkpt lat="50.246370000000006" lon="30.441050000000004">
    <ele>148.77</ele>
   </trkpt>
   <trkpt lat="50.24607000180064" lon="30.441715004400276">
    <ele>147.43</ele>
   </trkpt>
   <trkpt lat="50.24577000000001" lon="30.442380000000004">
    <ele>146.77</ele>
   </trkpt>
   <trkpt lat="50.245510001610015" lon="30.44299500338512">
    <ele>145.95000000000002</ele>
   </trkpt>
   <trkpt lat="50.245250000000006" lon="30.443610000000003">
    <ele>145.64000000000001</ele>
   </trkpt>
   <trkpt lat="50.24457" lon="30.443510000000003">
    <ele>145.74</ele>
   </trkpt>
   <trkpt lat="50.243930000000006" lon="30.443260000000002">
    <ele>147.04</ele>
   </trkpt>
   <trkpt lat="50.24345" lon="30.44301">
    <ele>149.52</ele>
   </trkpt>
   <trkpt lat="50.24286000000001" lon="30.442650000000004">
    <ele>149.36</ele>
   </trkpt>
   <trkpt lat="50.242160000000005" lon="30.442040000000002">
    <ele>150.28000000000003</ele>
   </trkpt>
   <trkpt lat="50.24168" lon="30.441930000000003">
    <ele>150.7</ele>
   </trkpt>
   <trkpt lat="50.241460000000004" lon="30.442000000000004">
    <ele>151.44000000000003</ele>
   </trkpt>
   <trkpt lat="50.24114" lon="30.442130000000002">
    <ele>151.71</ele>
   </trkpt>
   <trkpt lat="50.240280000000006" lon="30.44215">
    <ele>153.86</ele>
   </trkpt>
   <trkpt lat="50.239580000000004" lon="30.441800000000004">
    <ele>156.18</ele>
   </trkpt>
   <trkpt lat="50.23939000000001" lon="30.44178">
    <ele>156.97000000000003</ele>
   </trkpt>
   <trkpt lat="50.23892000000001" lon="30.44179">
    <ele>158.48000000000002</ele>
   </trkpt>
   <trkpt lat="50.238260000000004" lon="30.441360000000003">
    <ele>165.13000000000002</ele>
   </trkpt>
   <trkpt lat="50.23752" lon="30.440980000000003">
    <ele>169.71000000000004</ele>
   </trkpt>
   <trkpt lat="50.23705000013233" lon="30.440904999277876">
    <ele>172.03</ele>
   </trkpt>
   <trkpt lat="50.236580000000004" lon="30.440830000000002">
    <ele>175.67000000000002</ele>
   </trkpt>
   <trkpt lat="50.235914999926884" lon="30.440970001985853">
    <ele>182.8</ele>
   </trkpt>
   <trkpt lat="50.23525" lon="30.441110000000002">
    <ele>188.48000000000002</ele>
   </trkpt>
   <trkpt lat="50.235130000000005" lon="30.441150000000004">
    <ele>189.98000000000002</ele>
   </trkpt>
   <trkpt lat="50.234605000040304" lon="30.441049998898386">
    <ele>190.10000000000002</ele>
   </trkpt>
   <trkpt lat="50.234080000000006" lon="30.44095">
    <ele>190.0</ele>
   </trkpt>
   <trkpt lat="50.233510000055254" lon="30.440799998195942">
    <ele>188.83</ele>
   </trkpt>
   <trkpt lat="50.232940000000006" lon="30.44065">
    <ele>188.27</ele>
   </trkpt>
   <trkpt lat="50.23237" lon="30.440520000000003">
    <ele>188.95000000000002</ele>
   </trkpt>
   <trkpt lat="50.232215761904556" lon="30.441880026390326">
    <ele>188.79000000000002</ele>
   </trkpt>
   <trkpt lat="50.23206150793624" lon="30.443240043981696">
    <ele>189.09</ele>
   </trkpt>
   <trkpt lat="50.23190723809525" lon="30.44460005277331">
    <ele>189.24</ele>
   </trkpt>
   <trkpt lat="50.231752952381775" lon="30.445960052764377">
    <ele>188.89</ele>
   </trkpt>
   <trkpt lat="50.231598650796016" lon="30.447320043954086">
    <ele>188.89</ele>
   </trkpt>
   <trkpt lat="50.23144433333815" lon="30.448680026341638">
    <ele>189.03</ele>
   </trkpt>
   <trkpt lat="50.23129" lon="30.45004">
    <ele>189.25000000000003</ele>
   </trkpt>
   <trkpt lat="50.23113668140469" lon="30.45135000832936">
    <ele>188.92</ele>
   </trkpt>
   <trkpt lat="50.230983348082454" lon="30.45266000823425">
    <ele>188.82000000000002</ele>
   </trkpt>
   <trkpt lat="50.230830000000005" lon="30.45397">
    <ele>188.9</ele>
   </trkpt>
   <trkpt lat="50.23065860841208" lon="30.45516859728895">
    <ele>189.26000000000002</ele>
   </trkpt>
   <trkpt lat="50.230487204495645" lon="30.45636718596154">
    <ele>189.54000000000002</ele>
   </trkpt>
   <trkpt lat="50.23031578825083" lon="30.457565766017265">
    <ele>189.57000000000002</ele>
   </trkpt>
   <trkpt lat="50.230144359677816" lon="30.45876433745562">
    <ele>189.47000000000003</ele>
   </trkpt>
   <trkpt lat="50.22997291877677" lon="30.459962900276086">
    <ele>189.39</ele>
   </trkpt>
   <trkpt lat="50.22980146554786" lon="30.461161454478177">
    <ele>188.97000000000003</ele>
   </trkpt>
   <trkpt lat="50.22963000000001" lon="30.462360000000004">
    <ele>188.77</ele>
   </trkpt>
   <trkpt lat="50.22942337128484" lon="30.463690028813375">
    <ele>187.83</ele>
   </trkpt>
   <trkpt lat="50.229216727389044" lon="30.46502004610035">
    <ele>187.98000000000002</ele>
   </trkpt>
   <trkpt lat="50.22901006831287" lon="30.466350051860257">
    <ele>188.14</ele>
   </trkpt>
   <trkpt lat="50.22880339405656" lon="30.467680046092433">
    <ele>188.07000000000002</ele>
   </trkpt>
   <trkpt lat="50.22859670462036" lon="30.469010028796223">
    <ele>188.18</ele>
   </trkpt>
   <trkpt lat="50.228390000000005" lon="30.470340000000004">
    <ele>187.94000000000003</ele>
   </trkpt>
   <trkpt lat="50.228128362874585" lon="30.471513365502503">
    <ele>187.71</ele>
   </trkpt>
   <trkpt lat="50.227866713934084" lon="30.472686718129978">
    <ele>187.36</ele>
   </trkpt>
   <trkpt lat="50.227605053178735" lon="30.473860057882106">
    <ele>187.09</ele>
   </trkpt>
   <trkpt lat="50.22734338060879" lon="30.475033384758568">
    <ele>187.00000000000003</ele>
   </trkpt>
   <trkpt lat="50.22708169622449" lon="30.47620669875904">
    <ele>186.66000000000003</ele>
   </trkpt>
   <trkpt lat="50.226820000000004" lon="30.477380000000004">
    <ele>186.31</ele>
   </trkpt>
   <trkpt lat="50.226625004988925" lon="30.47846000450439">
    <ele>185.94000000000003</ele>
   </trkpt>
   <trkpt lat="50.22643" lon="30.479540000000004">
    <ele>185.7</ele>
   </trkpt>
   <trkpt lat="50.22637500533319" lon="30.480655001313917">
    <ele>185.48</ele>
   </trkpt>
   <trkpt lat="50.22632" lon="30.48177">
    <ele>185.35000000000002</ele>
   </trkpt>
   <trkpt lat="50.22631561925501" lon="30.483132223244066">
    <ele>184.74</ele>
   </trkpt>
   <trkpt lat="50.22631122258516" lon="30.48449444623743">
    <ele>184.57000000000002</ele>
   </trkpt>
   <trkpt lat="50.226306809990405" lon="30.485856668979178">
    <ele>184.19000000000003</ele>
   </trkpt>
   <trkpt lat="50.226302381470774" lon="30.4872188914684">
    <ele>184.15</ele>
   </trkpt>
   <trkpt lat="50.22629793702628" lon="30.488581113704186">
    <ele>183.47000000000003</ele>
   </trkpt>
   <trkpt lat="50.22629347665692" lon="30.48994333568563">
    <ele>182.46</ele>
   </trkpt>
   <trkpt lat="50.22628900036269" lon="30.491305557411813">
    <ele>181.69000000000003</ele>
   </trkpt>
   <trkpt lat="50.226284508143614" lon="30.492667778881835">
    <ele>181.43</ele>
   </trkpt>
   <trkpt lat="50.22628" lon="30.494030000000002">
    <ele>181.37</ele>
   </trkpt>
   <trkpt lat="50.226264510028194" lon="30.495412225828268">
    <ele>181.05</ele>
   </trkpt>
   <trkpt lat="50.226249003660385" lon="30.496794450758195">
    <ele>180.70000000000002</ele>
   </trkpt>
   <trkpt lat="50.22623348089661" lon="30.49817667478884">
    <ele>180.66000000000003</ele>
   </trkpt>
   <trkpt lat="50.22621794173688" lon="30.499558897919258">
    <ele>180.20000000000002</ele>
   </trkpt>
   <trkpt lat="50.22620238618122" lon="30.500941120148486">
    <ele>179.51</ele>
   </trkpt>
   <trkpt lat="50.226186814229635" lon="30.502323341475577">
    <ele>179.01</ele>
   </trkpt>
   <trkpt lat="50.22617122588216" lon="30.503705561899597">
    <ele>178.50000000000003</ele>
   </trkpt>
   <trkpt lat="50.226155621138815" lon="30.505087781419576">
    <ele>178.43</ele>
   </trkpt>
   <trkpt lat="50.22614" lon="30.506470000000004">
    <ele>178.87</ele>
   </trkpt>
   <trkpt lat="50.22615000597401" lon="30.507649999673593">
    <ele>178.82</ele>
   </trkpt>
   <trkpt lat="50.22616000000001" lon="30.508830000000003">
    <ele>178.8</ele>
   </trkpt>
   <trkpt lat="50.226130000000005" lon="30.509930000000004">
    <ele>179.03000000000003</ele>
   </trkpt>
   <trkpt lat="50.226090000000006" lon="30.51131">
    <ele>178.83</ele>
   </trkpt>
   <trkpt lat="50.2259667037684" lon="30.512625016984714">
    <ele>178.50000000000003</ele>
   </trkpt>
   <trkpt lat="50.22584339269655" lon="30.51394002716985">
    <ele>178.43</ele>
   </trkpt>
   <trkpt lat="50.22572006678459" lon="30.515255030554673">
    <ele>178.55</ele>
   </trkpt>
   <trkpt lat="50.22559672603264" lon="30.51657002713843">
    <ele>178.32</ele>
   </trkpt>
   <trkpt lat="50.22547337044087" lon="30.517885016920367">
    <ele>177.74</ele>
   </trkpt>
   <trkpt lat="50.225350000000006" lon="30.5192">
    <ele>177.73000000000002</ele>
   </trkpt>
   <trkpt lat="50.225350000000006" lon="30.519220000000004">
    <ele>177.75000000000003</ele>
   </trkpt>
   <trkpt lat="50.225460000000005" lon="30.51939">
    <ele>178.00000000000003</ele>
   </trkpt>
   <trkpt lat="50.2257" lon="30.5195">
    <ele>178.09000000000003</ele>
   </trkpt>
   <trkpt lat="50.22589000000001" lon="30.5194">
    <ele>178.00000000000003</ele>
   </trkpt>
   <trkpt lat="50.22624000148829" lon="30.518825004105377">
    <ele>178.44</ele>
   </trkpt>
   <trkpt lat="50.22659" lon="30.518250000000002">
    <ele>178.9</ele>
   </trkpt>
   <trkpt lat="50.22708" lon="30.517500000000002">
    <ele>179.54</ele>
   </trkpt>
   <trkpt lat="50.22748000000001" lon="30.51695">
    <ele>180.00000000000003</ele>
   </trkpt>
   <trkpt lat="50.227880000000006" lon="30.516510000000004">
    <ele>180.38</ele>
   </trkpt>
   <trkpt lat="50.22847" lon="30.515980000000003">
    <ele>180.69000000000003</ele>
   </trkpt>
   <trkpt lat="50.229110000000006" lon="30.515510000000003">
    <ele>181.76</ele>
   </trkpt>
   <trkpt lat="50.22934000000001" lon="30.515380000000004">
    <ele>181.76</ele>
   </trkpt>
   <trkpt lat="50.22999" lon="30.51517">
    <ele>181.44000000000003</ele>
   </trkpt>
   <trkpt lat="50.23037" lon="30.515100000000004">
    <ele>181.32</ele>
   </trkpt>
   <trkpt lat="50.231210000000004" lon="30.515030000000003">
    <ele>181.34</ele>
   </trkpt>
   <trkpt lat="50.23163" lon="30.515050000000002">
    <ele>180.72000000000003</ele>
   </trkpt>
   <trkpt lat="50.23217" lon="30.515140000000002">
    <ele>180.46</ele>
   </trkpt>
   <trkpt lat="50.23301000092165" lon="30.515407485862415">
    <ele>178.88</ele>
   </trkpt>
   <trkpt lat="50.23385000122932" lon="30.5156749811496">
    <ele>177.73000000000002</ele>
   </trkpt>
   <trkpt lat="50.2346900009229" lon="30.51594248586219">
    <ele>176.51000000000002</ele>
   </trkpt>
   <trkpt lat="50.235530000000004" lon="30.51621">
    <ele>174.53</ele>
   </trkpt>
   <trkpt lat="50.23595" lon="30.51638">
    <ele>172.52</ele>
   </trkpt>
   <trkpt lat="50.236415000555134" lon="30.516649997507287">
    <ele>169.16</ele>
   </trkpt>
   <trkpt lat="50.236880000000006" lon="30.516920000000002">
    <ele>165.23000000000002</ele>
   </trkpt>
   <trkpt lat="50.237390000000005" lon="30.51705">
    <ele>161.9</ele>
   </trkpt>
   <trkpt lat="50.237924999912295" lon="30.517015000398867">
    <ele>158.91000000000003</ele>
   </trkpt>
   <trkpt lat="50.23846" lon="30.516980000000004">
    <ele>157.09</ele>
   </trkpt>
   <trkpt lat="50.23897" lon="30.516880000000004">
    <ele>156.52</ele>
   </trkpt>
   <trkpt lat="50.239580000000004" lon="30.516710000000003">
    <ele>156.35999999999999</ele>
   </trkpt>
   <trkpt lat="50.24002" lon="30.516650000000002">
    <ele>156.43</ele>
   </trkpt>
   <trkpt lat="50.240610000000004" lon="30.51666">
    <ele>156.55</ele>
   </trkpt>
   <trkpt lat="50.241040000000005" lon="30.516640000000002">
    <ele>156.45</ele>
   </trkpt>
   <trkpt lat="50.24143" lon="30.516540000000003">
    <ele>156.13000000000002</ele>
   </trkpt>
   <trkpt lat="50.241760000000006" lon="30.516360000000002">
    <ele>156.0</ele>
   </trkpt>
   <trkpt lat="50.24242000091703" lon="30.515895006446176">
    <ele>154.02</ele>
   </trkpt>
   <trkpt lat="50.243080000000006" lon="30.515430000000002">
    <ele>150.47000000000003</ele>
   </trkpt>
   <trkpt lat="50.24380400335306" lon="30.514988026856027">
    <ele>147.23</ele>
   </trkpt>
   <trkpt lat="50.24452800502986" lon="30.51454604028465">
    <ele>142.14000000000001</ele>
   </trkpt>
   <trkpt lat="50.24525200503035" lon="30.514104040285133">
    <ele>135.08</ele>
   </trkpt>
   <trkpt lat="50.24597600335441" lon="30.51366202685676">
    <ele>128.96</ele>
   </trkpt>
   <trkpt lat="50.246700000000004" lon="30.513220000000004">
    <ele>122.03000000000002</ele>
   </trkpt>
   <trkpt lat="50.247080000000004" lon="30.513030000000004">
    <ele>119.72</ele>
   </trkpt>
   <trkpt lat="50.24779" lon="30.51274">
    <ele>118.85000000000001</ele>
   </trkpt>
   <trkpt lat="50.24826500015377" lon="30.512600001374896">
    <ele>118.45000000000002</ele>
   </trkpt>
   <trkpt lat="50.248740000000005" lon="30.51246">
    <ele>118.56000000000002</ele>
   </trkpt>
   <trkpt lat="50.249460000150606" lon="30.51231500217866">
    <ele>118.53</ele>
   </trkpt>
   <trkpt lat="50.25018000000001" lon="30.51217">
    <ele>118.31000000000002</ele>
   </trkpt>
   <trkpt lat="50.25048" lon="30.51208">
    <ele>118.34000000000002</ele>
   </trkpt>
   <trkpt lat="50.25112333367804" lon="30.511876672160298">
    <ele>117.96000000000001</ele>
   </trkpt>
   <trkpt lat="50.251766667001334" lon="30.511673338830235">
    <ele>117.19000000000001</ele>
   </trkpt>
   <trkpt lat="50.252410000000005" lon="30.511470000000003">
    <ele>116.44000000000001</ele>
   </trkpt>
   <trkpt lat="50.252970000000005" lon="30.51132">
    <ele>116.34</ele>
   </trkpt>
   <trkpt lat="50.25383666737026" lon="30.51104001017632">
    <ele>116.0</ele>
   </trkpt>
   <trkpt lat="50.25470333406784" lon="30.51076001016656">
    <ele>115.76000000000002</ele>
   </trkpt>
   <trkpt lat="50.255570000000006" lon="30.51048">
    <ele>115.72</ele>
   </trkpt>
   <trkpt lat="50.25582000000001" lon="30.510420000000003">
    <ele>115.72</ele>
   </trkpt>
   <trkpt lat="50.256150000000005" lon="30.51039">
    <ele>115.77000000000001</ele>
   </trkpt>
   <trkpt lat="50.25659" lon="30.510530000000003">
    <ele>115.28</ele>
   </trkpt>
   <trkpt lat="50.25679" lon="30.51066">
    <ele>115.06</ele>
   </trkpt>
   <trkpt lat="50.256800000000005" lon="30.51066">
    <ele>115.06</ele>
   </trkpt>
   <trkpt lat="50.25695" lon="30.510810000000003">
    <ele>115.06</ele>
   </trkpt>
   <trkpt lat="50.25746" lon="30.5118">
    <ele>114.92</ele>
   </trkpt>
   <trkpt lat="50.25764" lon="30.51226">
    <ele>116.11</ele>
   </trkpt>
   <trkpt lat="50.257850000000005" lon="30.512950000000004">
    <ele>118.70000000000002</ele>
   </trkpt>
   <trkpt lat="50.25790000000001" lon="30.513430000000003">
    <ele>121.22</ele>
   </trkpt>
   <trkpt lat="50.25789" lon="30.513890000000004">
    <ele>124.43</ele>
   </trkpt>
   <trkpt lat="50.25784" lon="30.514310000000002">
    <ele>125.43</ele>
   </trkpt>
   <trkpt lat="50.25775" lon="30.514760000000003">
    <ele>127.66000000000003</ele>
   </trkpt>
   <trkpt lat="50.257380000000005" lon="30.515810000000002">
    <ele>133.67000000000002</ele>
   </trkpt>
   <trkpt lat="50.257200000000005" lon="30.516280000000002">
    <ele>138.23000000000002</ele>
   </trkpt>
   <trkpt lat="50.257020000000004" lon="30.516840000000002">
    <ele>139.32</ele>
   </trkpt>
   <trkpt lat="50.2569" lon="30.51732">
    <ele>142.82</ele>
   </trkpt>
   <trkpt lat="50.25681" lon="30.51788">
    <ele>144.95000000000002</ele>
   </trkpt>
   <trkpt lat="50.256800000000005" lon="30.518710000000002">
    <ele>148.66000000000003</ele>
   </trkpt>
   <trkpt lat="50.2568900082247" lon="30.520094997312604">
    <ele>151.46</ele>
   </trkpt>
   <trkpt lat="50.256980000000006" lon="30.521480000000004">
    <ele>154.07000000000002</ele>
   </trkpt>
   <trkpt lat="50.257130000000004" lon="30.522340000000003">
    <ele>154.65</ele>
   </trkpt>
   <trkpt lat="50.25757" lon="30.523410000000002">
    <ele>154.37</ele>
   </trkpt>
   <trkpt lat="50.25797000000001" lon="30.524">
    <ele>153.09</ele>
   </trkpt>
   <trkpt lat="50.2583750013477" lon="30.52456999508918">
    <ele>150.97000000000003</ele>
   </trkpt>
   <trkpt lat="50.25878" lon="30.525140000000004">
    <ele>148.74</ele>
   </trkpt>
   <trkpt lat="50.25921" lon="30.52588">
    <ele>144.98000000000002</ele>
   </trkpt>
   <trkpt lat="50.259330000000006" lon="30.526190000000003">
    <ele>143.14000000000001</ele>
   </trkpt>
   <trkpt lat="50.259420000000006" lon="30.526780000000002">
    <ele>140.23000000000002</ele>
   </trkpt>
   <trkpt lat="50.259390002385665" lon="30.527525000354764">
    <ele>136.18</ele>
   </trkpt>
   <trkpt lat="50.25936" lon="30.528270000000003">
    <ele>132.89000000000001</ele>
   </trkpt>
   <trkpt lat="50.25929000000001" lon="30.528980000000004">
    <ele>128.42000000000002</ele>
   </trkpt>
   <trkpt lat="50.25918" lon="30.529560000000004">
    <ele>126.11</ele>
   </trkpt>
   <trkpt lat="50.25905" lon="30.529940000000003">
    <ele>125.34</ele>
   </trkpt>
   <trkpt lat="50.25874" lon="30.53046">
    <ele>120.4</ele>
   </trkpt>
   <trkpt lat="50.25856" lon="30.530690000000003">
    <ele>118.11</ele>
   </trkpt>
   <trkpt lat="50.258230000000005" lon="30.531050000000004">
    <ele>115.42</ele>
   </trkpt>
   <trkpt lat="50.25790000000001" lon="30.531670000000002">
    <ele>111.26</ele>
   </trkpt>
   <trkpt lat="50.257740000000005" lon="30.53215">
    <ele>108.93</ele>
   </trkpt>
   <trkpt lat="50.257690000000004" lon="30.532610000000002">
    <ele>106.2</ele>
   </trkpt>
   <trkpt lat="50.257670000000005" lon="30.533220000000004">
    <ele>103.11</ele>
   </trkpt>
   <trkpt lat="50.2577050027104" lon="30.53401499939266">
    <ele>100.2</ele>
   </trkpt>
   <trkpt lat="50.257740000000005" lon="30.534810000000004">
    <ele>99.44000000000001</ele>
   </trkpt>
   <trkpt lat="50.25780501592986" lon="30.5359224954647">
    <ele>98.19000000000001</ele>
   </trkpt>
   <trkpt lat="50.25787002124057" lon="30.53703499396572">
    <ele>97.86</ele>
   </trkpt>
   <trkpt lat="50.25793501593209" lon="30.538147495502596">
    <ele>97.54</ele>
   </trkpt>
   <trkpt lat="50.258" lon="30.539260000000002">
    <ele>97.17</ele>
   </trkpt>
   <trkpt lat="50.25808000000001" lon="30.53995">
    <ele>96.78</ele>
   </trkpt>
   <trkpt lat="50.258253343715396" lon="30.541049991996555">
    <ele>97.27000000000001</ele>
   </trkpt>
   <trkpt lat="50.258426677048995" lon="30.542149991998052">
    <ele>96.9</ele>
   </trkpt>
   <trkpt lat="50.2586" lon="30.543250000000004">
    <ele>97.62</ele>
   </trkpt>
   <trkpt lat="50.25864000000001" lon="30.54341">
    <ele>97.68</ele>
   </trkpt>
   <trkpt lat="50.258680000000005" lon="30.543480000000002">
    <ele>97.74000000000001</ele>
   </trkpt>
   <trkpt lat="50.258790000000005" lon="30.543550000000003">
    <ele>96.49000000000001</ele>
   </trkpt>
   <trkpt lat="50.25885" lon="30.543550000000003">
    <ele>95.46000000000001</ele>
   </trkpt>
   <trkpt lat="50.258900000000004" lon="30.543530000000004">
    <ele>94.32</ele>
   </trkpt>
   <trkpt lat="50.25896" lon="30.543480000000002">
    <ele>97.51</ele>
   </trkpt>
   <trkpt lat="50.25900000000001" lon="30.54342">
    <ele>97.51</ele>
   </trkpt>
   <trkpt lat="50.259040000000006" lon="30.54324">
    <ele>97.56</ele>
   </trkpt>
   <trkpt lat="50.259040000000006" lon="30.54314">
    <ele>97.64</ele>
   </trkpt>
   <trkpt lat="50.25877500181299" lon="30.5424949964807">
    <ele>97.15</ele>
   </trkpt>
   <trkpt lat="50.25851" lon="30.541850000000004">
    <ele>97.06</ele>
   </trkpt>
   <trkpt lat="50.25826000000001" lon="30.54108">
    <ele>97.27000000000001</ele>
   </trkpt>
   <trkpt lat="50.25808000000001" lon="30.53995">
    <ele>96.78</ele>
   </trkpt>
   <trkpt lat="50.258" lon="30.539260000000002">
    <ele>97.17</ele>
   </trkpt>
   <trkpt lat="50.257935015927714" lon="30.538147495427758">
    <ele>97.54</ele>
   </trkpt>
   <trkpt lat="50.25787002123619" lon="30.537034993890895">
    <ele>97.86</ele>
   </trkpt>
   <trkpt lat="50.25780501592548" lon="30.53592249538987">
    <ele>98.19000000000001</ele>
   </trkpt>
   <trkpt lat="50.257740000000005" lon="30.534810000000004">
    <ele>99.44000000000001</ele>
   </trkpt>
   <trkpt lat="50.25770500271244" lon="30.534014999439194">
    <ele>100.60000000000001</ele>
   </trkpt>
   <trkpt lat="50.257670000000005" lon="30.533220000000004">
    <ele>103.11</ele>
   </trkpt>
   <trkpt lat="50.257690000000004" lon="30.532610000000002">
    <ele>106.2</ele>
   </trkpt>
   <trkpt lat="50.257740000000005" lon="30.53215">
    <ele>108.93</ele>
   </trkpt>
   <trkpt lat="50.25790000000001" lon="30.531670000000002">
    <ele>111.26</ele>
   </trkpt>
   <trkpt lat="50.258230000000005" lon="30.531050000000004">
    <ele>115.42</ele>
   </trkpt>
   <trkpt lat="50.25856" lon="30.530690000000003">
    <ele>118.11</ele>
   </trkpt>
   <trkpt lat="50.25874" lon="30.53046">
    <ele>120.4</ele>
   </trkpt>
   <trkpt lat="50.25905" lon="30.529940000000003">
    <ele>125.34</ele>
   </trkpt>
   <trkpt lat="50.25918" lon="30.529560000000004">
    <ele>126.11</ele>
   </trkpt>
   <trkpt lat="50.25929000000001" lon="30.528980000000004">
    <ele>128.42000000000002</ele>
   </trkpt>
   <trkpt lat="50.25936" lon="30.528270000000003">
    <ele>132.89000000000001</ele>
   </trkpt>
   <trkpt lat="50.259390002376456" lon="30.527525000583587">
    <ele>136.18</ele>
   </trkpt>
   <trkpt lat="50.259420000000006" lon="30.526780000000002">
    <ele>140.23000000000002</ele>
   </trkpt>
   <trkpt lat="50.259330000000006" lon="30.526190000000003">
    <ele>143.14000000000001</ele>
   </trkpt>
   <trkpt lat="50.25921" lon="30.52588">
    <ele>144.98000000000002</ele>
   </trkpt>
   <trkpt lat="50.25878" lon="30.525140000000004">
    <ele>148.74</ele>
   </trkpt>
   <trkpt lat="50.258375001439966" lon="30.52456999521902">
    <ele>151.54</ele>
   </trkpt>
   <trkpt lat="50.25797000000001" lon="30.524">
    <ele>153.09</ele>
   </trkpt>
   <trkpt lat="50.25757" lon="30.523410000000002">
    <ele>154.37</ele>
   </trkpt>
   <trkpt lat="50.257130000000004" lon="30.522340000000003">
    <ele>154.65</ele>
   </trkpt>
   <trkpt lat="50.256980000000006" lon="30.521480000000004">
    <ele>154.07000000000002</ele>
   </trkpt>
   <trkpt lat="50.256890008233924" lon="30.520094997454486">
    <ele>151.9</ele>
   </trkpt>
   <trkpt lat="50.256800000000005" lon="30.518710000000002">
    <ele>147.93</ele>
   </trkpt>
   <trkpt lat="50.25681" lon="30.51788">
    <ele>144.95000000000002</ele>
   </trkpt>
   <trkpt lat="50.2569" lon="30.51732">
    <ele>142.82</ele>
   </trkpt>
   <trkpt lat="50.257020000000004" lon="30.516840000000002">
    <ele>139.32</ele>
   </trkpt>
   <trkpt lat="50.257200000000005" lon="30.516280000000002">
    <ele>138.23000000000002</ele>
   </trkpt>
   <trkpt lat="50.257380000000005" lon="30.515810000000002">
    <ele>133.67000000000002</ele>
   </trkpt>
   <trkpt lat="50.25775" lon="30.514760000000003">
    <ele>127.66000000000003</ele>
   </trkpt>
   <trkpt lat="50.25784" lon="30.514310000000002">
    <ele>125.43</ele>
   </trkpt>
   <trkpt lat="50.25789" lon="30.513890000000004">
    <ele>124.43</ele>
   </trkpt>
   <trkpt lat="50.25790000000001" lon="30.513430000000003">
    <ele>121.22</ele>
   </trkpt>
   <trkpt lat="50.257850000000005" lon="30.512950000000004">
    <ele>118.05000000000001</ele>
   </trkpt>
   <trkpt lat="50.25764" lon="30.51226">
    <ele>115.60000000000001</ele>
   </trkpt>
   <trkpt lat="50.25746" lon="30.5118">
    <ele>114.92</ele>
   </trkpt>
   <trkpt lat="50.25696000000001" lon="30.510820000000002">
    <ele>115.04</ele>
   </trkpt>
   <trkpt lat="50.25695" lon="30.510810000000003">
    <ele>115.06</ele>
   </trkpt>
   <trkpt lat="50.25681" lon="30.51067">
    <ele>115.04</ele>
   </trkpt>
   <trkpt lat="50.25659" lon="30.510530000000003">
    <ele>115.28</ele>
   </trkpt>
   <trkpt lat="50.256150000000005" lon="30.51039">
    <ele>115.77000000000001</ele>
   </trkpt>
   <trkpt lat="50.25582000000001" lon="30.510420000000003">
    <ele>115.72</ele>
   </trkpt>
   <trkpt lat="50.255570000000006" lon="30.51048">
    <ele>115.78</ele>
   </trkpt>
   <trkpt lat="50.254703333975144" lon="30.51076001019651">
    <ele>115.76000000000002</ele>
   </trkpt>
   <trkpt lat="50.25383666727756" lon="30.511040010206262">
    <ele>116.0</ele>
   </trkpt>
   <trkpt lat="50.252970000000005" lon="30.51132">
    <ele>116.34</ele>
   </trkpt>
   <trkpt lat="50.252410000000005" lon="30.511470000000003">
    <ele>116.44000000000001</ele>
   </trkpt>
   <trkpt lat="50.25176666703147" lon="30.511673338820707">
    <ele>117.19000000000001</ele>
   </trkpt>
   <trkpt lat="50.25112333370818" lon="30.51187667215078">
    <ele>117.96000000000001</ele>
   </trkpt>
   <trkpt lat="50.25048" lon="30.51208">
    <ele>118.28</ele>
   </trkpt>
   <trkpt lat="50.25018000000001" lon="30.51217">
    <ele>118.53</ele>
   </trkpt>
   <trkpt lat="50.249460000029806" lon="30.51231500220299">
    <ele>118.53</ele>
   </trkpt>
   <trkpt lat="50.248740000000005" lon="30.51246">
    <ele>118.56000000000002</ele>
   </trkpt>
   <trkpt lat="50.24826500001439" lon="30.512600001415976">
    <ele>118.45000000000002</ele>
   </trkpt>
   <trkpt lat="50.24779" lon="30.51274">
    <ele>118.85000000000001</ele>
   </trkpt>
   <trkpt lat="50.24703500173491" lon="30.51210498994433">
    <ele>119.68</ele>
   </trkpt>
   <trkpt lat="50.246280000000006" lon="30.511470000000003">
    <ele>116.9</ele>
   </trkpt>
   <trkpt lat="50.24569500101121" lon="30.510999994281956">
    <ele>117.5</ele>
   </trkpt>
   <trkpt lat="50.245110000000004" lon="30.510530000000003">
    <ele>124.10000000000001</ele>
   </trkpt>
   <trkpt lat="50.244580000000006" lon="30.510180000000002">
    <ele>126.58</ele>
   </trkpt>
   <trkpt lat="50.244310000000006" lon="30.510080000000002">
    <ele>127.08</ele>
   </trkpt>
   <trkpt lat="50.244150000000005" lon="30.510060000000003">
    <ele>127.35000000000002</ele>
   </trkpt>
   <trkpt lat="50.24392" lon="30.51011">
    <ele>127.45</ele>
   </trkpt>
   <trkpt lat="50.24316" lon="30.510620000000003">
    <ele>128.44</ele>
   </trkpt>
   <trkpt lat="50.24277000000001" lon="30.510740000000002">
    <ele>129.78</ele>
   </trkpt>
   <trkpt lat="50.242270000000005" lon="30.51077">
    <ele>132.22</ele>
   </trkpt>
   <trkpt lat="50.24156000000001" lon="30.510440000000003">
    <ele>136.17000000000002</ele>
   </trkpt>
   <trkpt lat="50.241020000000006" lon="30.510240000000003">
    <ele>138.64000000000001</ele>
   </trkpt>
   <trkpt lat="50.240970000000004" lon="30.510180000000002">
    <ele>138.88</ele>
   </trkpt>
   <trkpt lat="50.24083" lon="30.509800000000002">
    <ele>139.23000000000002</ele>
   </trkpt>
   <trkpt lat="50.240750000000006" lon="30.508900000000004">
    <ele>141.38</ele>
   </trkpt>
   <trkpt lat="50.240640000000006" lon="30.508360000000003">
    <ele>143.96</ele>
   </trkpt>
   <trkpt lat="50.240520000000004" lon="30.508100000000002">
    <ele>145.49</ele>
   </trkpt>
   <trkpt lat="50.24035000000001" lon="30.507830000000002">
    <ele>148.21</ele>
   </trkpt>
   <trkpt lat="50.24029" lon="30.507610000000003">
    <ele>149.55</ele>
   </trkpt>
   <trkpt lat="50.240170000000006" lon="30.506220000000003">
    <ele>155.47000000000003</ele>
   </trkpt>
   <trkpt lat="50.24007" lon="30.505930000000003">
    <ele>156.75</ele>
   </trkpt>
   <trkpt lat="50.24" lon="30.505860000000002">
    <ele>157.71</ele>
   </trkpt>
   <trkpt lat="50.23962" lon="30.50561">
    <ele>161.73000000000002</ele>
   </trkpt>
   <trkpt lat="50.23950000000001" lon="30.50551">
    <ele>163.81</ele>
   </trkpt>
   <trkpt lat="50.239340000000006" lon="30.505270000000003">
    <ele>165.24</ele>
   </trkpt>
   <trkpt lat="50.23910000000001" lon="30.504800000000003">
    <ele>169.31</ele>
   </trkpt>
   <trkpt lat="50.23894000000001" lon="30.504300000000004">
    <ele>173.01000000000002</ele>
   </trkpt>
   <trkpt lat="50.238910000000004" lon="30.5041">
    <ele>173.84000000000003</ele>
   </trkpt>
   <trkpt lat="50.238890000000005" lon="30.50373">
    <ele>174.71</ele>
   </trkpt>
   <trkpt lat="50.238800000000005" lon="30.50343">
    <ele>175.17000000000002</ele>
   </trkpt>
   <trkpt lat="50.238690000000005" lon="30.50315">
    <ele>176.07</ele>
   </trkpt>
   <trkpt lat="50.238400000000006" lon="30.502570000000002">
    <ele>176.84000000000003</ele>
   </trkpt>
   <trkpt lat="50.238170000000004" lon="30.502250000000004">
    <ele>176.87000000000003</ele>
   </trkpt>
   <trkpt lat="50.23787000162804" lon="30.501624995967">
    <ele>176.82</ele>
   </trkpt>
   <trkpt lat="50.237570000000005" lon="30.501">
    <ele>176.89000000000001</ele>
   </trkpt>
   <trkpt lat="50.23697000000001" lon="30.500180000000004">
    <ele>177.09000000000003</ele>
   </trkpt>
   <trkpt lat="50.23677000000001" lon="30.499990000000004">
    <ele>177.09000000000003</ele>
   </trkpt>
   <trkpt lat="50.23624" lon="30.499550000000003">
    <ele>177.13</ele>
   </trkpt>
   <trkpt lat="50.23546" lon="30.49903">
    <ele>177.6</ele>
   </trkpt>
   <trkpt lat="50.23480000085087" lon="30.498574993675724">
    <ele>177.93</ele>
   </trkpt>
   <trkpt lat="50.234140000000004" lon="30.498120000000004">
    <ele>178.62</ele>
   </trkpt>
   <trkpt lat="50.233790000000006" lon="30.497830000000004">
    <ele>179.11</ele>
   </trkpt>
   <trkpt lat="50.23328" lon="30.497500000000002">
    <ele>179.43</ele>
   </trkpt>
   <trkpt lat="50.2324683369385" lon="30.49708996510381">
    <ele>180.34000000000003</ele>
   </trkpt>
   <trkpt lat="50.23165667243426" lon="30.49667994416696">
    <ele>179.92000000000002</ele>
   </trkpt>
   <trkpt lat="50.230845006487364" lon="30.49626993718858">
    <ele>179.84000000000003</ele>
   </trkpt>
   <trkpt lat="50.23003333909791" lon="30.49585994416783">
    <ele>179.41</ele>
   </trkpt>
   <trkpt lat="50.22922167026598" lon="30.495449965103845">
    <ele>179.17000000000002</ele>
   </trkpt>
   <trkpt lat="50.228410000000004" lon="30.495040000000003">
    <ele>179.55</ele>
   </trkpt>
   <trkpt lat="50.227700000942605" lon="30.494703323294665">
    <ele>180.14000000000001</ele>
   </trkpt>
   <trkpt lat="50.226990000912494" lon="30.494366656613906">
    <ele>180.49</ele>
   </trkpt>
   <trkpt lat="50.22628" lon="30.494030000000002">
    <ele>181.37</ele>
   </trkpt>
   <trkpt lat="50.22628" lon="30.494040000000002">
    <ele>181.37</ele>
   </trkpt>
   <trkpt lat="50.226284508247865" lon="30.492676667679223">
    <ele>181.43</ele>
   </trkpt>
   <trkpt lat="50.22628900054491" lon="30.491313335101147">
    <ele>181.85</ele>
   </trkpt>
   <trkpt lat="50.2262934768911" lon="30.489950002266703">
    <ele>182.46</ele>
   </trkpt>
   <trkpt lat="50.226297937286446" lon="30.488586669176797">
    <ele>183.47000000000003</ele>
   </trkpt>
   <trkpt lat="50.22630238173093" lon="30.487223335832333">
    <ele>184.15</ele>
   </trkpt>
   <trkpt lat="50.226306810224564" lon="30.48586000223423">
    <ele>184.19000000000003</ele>
   </trkpt>
   <trkpt lat="50.226311222767315" lon="30.484496668383393">
    <ele>184.57000000000002</ele>
   </trkpt>
   <trkpt lat="50.22631561935921" lon="30.483133334280737">
    <ele>184.74</ele>
   </trkpt>
   <trkpt lat="50.22632" lon="30.48177">
    <ele>185.35000000000002</ele>
   </trkpt>
   <trkpt lat="50.22637500533595" lon="30.480655001257784">
    <ele>185.47000000000003</ele>
   </trkpt>
   <trkpt lat="50.22643" lon="30.479540000000004">
    <ele>185.7</ele>
   </trkpt>
   <trkpt lat="50.2266250050209" lon="30.478460004327296">
    <ele>186.17</ele>
   </trkpt>
   <trkpt lat="50.226820000000004" lon="30.477380000000004">
    <ele>186.31</ele>
   </trkpt>
   <trkpt lat="50.22708169619843" lon="30.47620669887584">
    <ele>186.66000000000003</ele>
   </trkpt>
   <trkpt lat="50.22734338058273" lon="30.475033384875378">
    <ele>186.99</ele>
   </trkpt>
   <trkpt lat="50.22760505315269" lon="30.473860057998916">
    <ele>187.09</ele>
   </trkpt>
   <trkpt lat="50.22786671390802" lon="30.47268671824679">
    <ele>187.36</ele>
   </trkpt>
   <trkpt lat="50.22812836284853" lon="30.471513365619316">
    <ele>187.71</ele>
   </trkpt>
   <trkpt lat="50.228390000000005" lon="30.470340000000004">
    <ele>187.94000000000003</ele>
   </trkpt>
   <trkpt lat="50.22859670461584" lon="30.46901002882527">
    <ele>188.18</ele>
   </trkpt>
   <trkpt lat="50.228803394052036" lon="30.467680046121476">
    <ele>188.07000000000002</ele>
   </trkpt>
   <trkpt lat="50.229010068308355" lon="30.466350051889304">
    <ele>188.14</ele>
   </trkpt>
   <trkpt lat="50.22921672738453" lon="30.465020046129396">
    <ele>187.98000000000002</ele>
   </trkpt>
   <trkpt lat="50.22942337128032" lon="30.46369002884242">
    <ele>187.83</ele>
   </trkpt>
   <trkpt lat="50.22963000000001" lon="30.462360000000004">
    <ele>188.77</ele>
   </trkpt>
   <trkpt lat="50.22980146555663" lon="30.4611614544168">
    <ele>189.01000000000002</ele>
   </trkpt>
   <trkpt lat="50.22997291878555" lon="30.45996290021471">
    <ele>189.39</ele>
   </trkpt>
   <trkpt lat="50.23014435968659" lon="30.45876433739423">
    <ele>189.47000000000003</ele>
   </trkpt>
   <trkpt lat="50.23031578825961" lon="30.45756576595588">
    <ele>189.57000000000002</ele>
   </trkpt>
   <trkpt lat="50.23048720450442" lon="30.456367185900156">
    <ele>189.54000000000002</ele>
   </trkpt>
   <trkpt lat="50.23065860842085" lon="30.455168597227566">
    <ele>189.26000000000002</ele>
   </trkpt>
   <trkpt lat="50.230830000000005" lon="30.45397">
    <ele>188.9</ele>
   </trkpt>
   <trkpt lat="50.23098334804898" lon="30.452660008520297">
    <ele>188.91000000000003</ele>
   </trkpt>
   <trkpt lat="50.2311366813712" lon="30.451350008615414">
    <ele>188.97000000000003</ele>
   </trkpt>
   <trkpt lat="50.23129" lon="30.45004">
    <ele>189.25000000000003</ele>
   </trkpt>
   <trkpt lat="50.23143338811713" lon="30.448776697052466">
    <ele>189.03</ele>
   </trkpt>
   <trkpt lat="50.23157676253861" lon="30.44751338650761">
    <ele>188.89</ele>
   </trkpt>
   <trkpt lat="50.23172012326425" lon="30.446250068366083">
    <ele>188.89</ele>
   </trkpt>
   <trkpt lat="50.23186347029393" lon="30.444986742628522">
    <ele>189.24</ele>
   </trkpt>
   <trkpt lat="50.23200680362749" lon="30.443723409295565">
    <ele>189.27</ele>
   </trkpt>
   <trkpt lat="50.232150123264766" lon="30.442460068367865">
    <ele>188.86</ele>
   </trkpt>
   <trkpt lat="50.232293429205626" lon="30.441196719846047">
    <ele>188.62</ele>
   </trkpt>
   <trkpt lat="50.2324367214499" lon="30.439933363730766">
    <ele>188.74</ele>
   </trkpt>
   <trkpt lat="50.232580000000006" lon="30.438670000000002">
    <ele>188.64</ele>
   </trkpt>
   <trkpt lat="50.23267000308179" lon="30.437825001425047">
    <ele>188.15</ele>
   </trkpt>
   <trkpt lat="50.232760000000006" lon="30.436980000000002">
    <ele>187.8</ele>
   </trkpt>
   <trkpt lat="50.23293" lon="30.435830000000003">
    <ele>187.28</ele>
   </trkpt>
   <trkpt lat="50.233165004091695" lon="30.434855004752166">
    <ele>186.52</ele>
   </trkpt>
   <trkpt lat="50.2334" lon="30.433880000000002">
    <ele>186.31</ele>
   </trkpt>
   <trkpt lat="50.23376000423042" lon="30.432890007405813">
    <ele>186.25000000000003</ele>
   </trkpt>
   <trkpt lat="50.234120000000004" lon="30.431900000000002">
    <ele>186.42</ele>
   </trkpt>
   <trkpt lat="50.234470005465" lon="30.43110334498735">
    <ele>186.31</ele>
   </trkpt>
   <trkpt lat="50.234820005483684" lon="30.430306678278335">
    <ele>185.97000000000003</ele>
   </trkpt>
   <trkpt lat="50.235170000000004" lon="30.429510000000004">
    <ele>185.73</ele>
   </trkpt>
   <trkpt lat="50.23564667487745" lon="30.42853335281077">
    <ele>185.73</ele>
   </trkpt>
   <trkpt lat="50.236123341569545" lon="30.427556686092323">
    <ele>185.2</ele>
   </trkpt>
   <trkpt lat="50.2366" lon="30.42658">
    <ele>184.72000000000003</ele>
   </trkpt>
   <trkpt lat="50.23696667185851" lon="30.425803345247154">
    <ele>184.18</ele>
   </trkpt>
   <trkpt lat="50.2373333385408" lon="30.42502667854755">
    <ele>183.88000000000002</ele>
   </trkpt>
   <trkpt lat="50.237700000000004" lon="30.424250000000004">
    <ele>183.71</ele>
   </trkpt>
   <trkpt lat="50.23817168684733" lon="30.42328004799426">
    <ele>183.62</ele>
   </trkpt>
   <trkpt lat="50.23864336562127" lon="30.42231007679443">
    <ele>183.73</ele>
   </trkpt>
   <trkpt lat="50.23911503632152" lon="30.421340086400146">
    <ele>183.94000000000003</ele>
   </trkpt>
   <trkpt lat="50.239586698947804" lon="30.42037007681102">
    <ele>184.10000000000002</ele>
   </trkpt>
   <trkpt lat="50.24005835349982" lon="30.4194000480267">
    <ele>184.32000000000002</ele>
   </trkpt>
   <trkpt lat="50.24053000000001" lon="30.41843">
    <ele>184.75000000000003</ele>
   </trkpt>
   <trkpt lat="50.24054" lon="30.41841">
    <ele>184.76</ele>
   </trkpt>
   <trkpt lat="50.24127572816456" lon="30.419144217712798">
    <ele>183.93</ele>
   </trkpt>
   <trkpt lat="50.24201145170315" lon="30.419878458090736">
    <ele>183.82</ele>
   </trkpt>
   <trkpt lat="50.24274717061555" lon="30.420612721134955">
    <ele>183.92000000000002</ele>
   </trkpt>
   <trkpt lat="50.24348288490145" lon="30.421347006846606">
    <ele>183.35000000000002</ele>
   </trkpt>
   <trkpt lat="50.244218594560614" lon="30.42208131522685">
    <ele>182.63000000000002</ele>
   </trkpt>
   <trkpt lat="50.24495429959277" lon="30.422815646276817">
    <ele>181.97000000000003</ele>
   </trkpt>
   <trkpt lat="50.24569" lon="30.423550000000002">
    <ele>181.20000000000002</ele>
   </trkpt>
   <trkpt lat="50.24558500205221" lon="30.424245001664467">
    <ele>180.55</ele>
   </trkpt>
   <trkpt lat="50.24548" lon="30.424940000000003">
    <ele>180.11</ele>
   </trkpt>
   <trkpt lat="50.24567334449986" lon="30.42607999083959">
    <ele>178.22000000000003</ele>
   </trkpt>
   <trkpt lat="50.245866677848284" lon="30.427219990928304">
    <ele>173.53</ele>
   </trkpt>
   <trkpt lat="50.24606000000001" lon="30.42836">
    <ele>167.76000000000002</ele>
   </trkpt>
   <trkpt lat="50.246470005938164" lon="30.429534989933988">
    <ele>159.71</ele>
   </trkpt>
   <trkpt lat="50.246880000000004" lon="30.43071">
    <ele>156.10000000000002</ele>
   </trkpt>
   <trkpt lat="50.24694" lon="30.43128">
    <ele>155.62</ele>
   </trkpt>
   <trkpt lat="50.246990000000004" lon="30.432650000000002">
    <ele>156.85000000000002</ele>
   </trkpt>
   <trkpt lat="50.24721" lon="30.433880000000002">
    <ele>155.73000000000002</ele>
   </trkpt>
   <trkpt lat="50.24731500231776" lon="30.434619998146704">
    <ele>154.00000000000003</ele>
   </trkpt>
   <trkpt lat="50.247420000000005" lon="30.435360000000003">
    <ele>152.9</ele>
   </trkpt>
   <trkpt lat="50.24746500243177" lon="30.436114999055118">
    <ele>153.00000000000003</ele>
   </trkpt>
   <trkpt lat="50.247510000000005" lon="30.436870000000003">
    <ele>153.52</ele>
   </trkpt>
   <trkpt lat="50.2475" lon="30.437240000000003">
    <ele>153.82000000000002</ele>
   </trkpt>
   <trkpt lat="50.24747000000001" lon="30.437640000000002">
    <ele>154.64</ele>
   </trkpt>
   <trkpt lat="50.2473" lon="30.438650000000003">
    <ele>156.04000000000002</ele>
   </trkpt>
   <trkpt lat="50.24765000000001" lon="30.438650000000003">
    <ele>156.52</ele>
   </trkpt>
   <trkpt lat="50.24795" lon="30.43849">
    <ele>157.12</ele>
   </trkpt>
   <trkpt lat="50.24841000059891" lon="30.438140003322648">
    <ele>158.99</ele>
   </trkpt>
   <trkpt lat="50.248870000000004" lon="30.437790000000003">
    <ele>161.05</ele>
   </trkpt>
   <trkpt lat="50.249500000000005" lon="30.437230000000003">
    <ele>167.54000000000002</ele>
   </trkpt>
   <trkpt lat="50.24998" lon="30.436370000000004">
    <ele>173.0</ele>
   </trkpt>
   <trkpt lat="50.250260000000004" lon="30.43605">
    <ele>172.39000000000001</ele>
   </trkpt>
   <trkpt lat="50.25041" lon="30.436020000000003">
    <ele>170.17000000000002</ele>
   </trkpt>
   <trkpt lat="50.25099" lon="30.43607">
    <ele>161.97</ele>
   </trkpt>
   <trkpt lat="50.25175" lon="30.43596">
    <ele>152.66000000000003</ele>
   </trkpt>
   <trkpt lat="50.25242" lon="30.435650000000003">
    <ele>149.43</ele>
   </trkpt>
   <trkpt lat="50.252660000000006" lon="30.435570000000002">
    <ele>149.01</ele>
   </trkpt>
   <trkpt lat="50.253220000000006" lon="30.435570000000002">
    <ele>148.24</ele>
   </trkpt>
   <trkpt lat="50.253980000000006" lon="30.43578">
    <ele>147.52</ele>
   </trkpt>
   <trkpt lat="50.25417" lon="30.435930000000003">
    <ele>147.35</ele>
   </trkpt>
   <trkpt lat="50.25484" lon="30.436740000000004">
    <ele>147.51</ele>
   </trkpt>
   <trkpt lat="50.255" lon="30.436960000000003">
    <ele>147.61</ele>
   </trkpt>
   <trkpt lat="50.25535000000001" lon="30.437310000000004">
    <ele>146.55</ele>
   </trkpt>
   <trkpt lat="50.255790000000005" lon="30.437580000000004">
    <ele>145.42000000000002</ele>
   </trkpt>
   <trkpt lat="50.25589" lon="30.437610000000003">
    <ele>145.31000000000003</ele>
   </trkpt>
   <trkpt lat="50.256080000000004" lon="30.43793">
    <ele>144.85</ele>
   </trkpt>
   <trkpt lat="50.25654" lon="30.438620000000004">
    <ele>142.59000000000003</ele>
   </trkpt>
   <trkpt lat="50.25677" lon="30.43877">
    <ele>141.23000000000002</ele>
   </trkpt>
   <trkpt lat="50.257180000000005" lon="30.438860000000002">
    <ele>138.56</ele>
   </trkpt>
   <trkpt lat="50.258" lon="30.438940000000002">
    <ele>135.58</ele>
   </trkpt>
   <trkpt lat="50.258370000000006" lon="30.439040000000002">
    <ele>134.99</ele>
   </trkpt>
   <trkpt lat="50.258410000000005" lon="30.43906">
    <ele>134.99</ele>
   </trkpt>
   <trkpt lat="50.25876" lon="30.439210000000003">
    <ele>133.65</ele>
   </trkpt>
   <trkpt lat="50.259080000000004" lon="30.439500000000002">
    <ele>133.23000000000002</ele>
   </trkpt>
   <trkpt lat="50.259370000000004" lon="30.439870000000003">
    <ele>133.18</ele>
   </trkpt>
   <trkpt lat="50.259710000000005" lon="30.440170000000002">
    <ele>133.13</ele>
   </trkpt>
   <trkpt lat="50.26012" lon="30.44066">
    <ele>132.87</ele>
   </trkpt>
   <trkpt lat="50.26068503551244" lon="30.441747409702625">
    <ele>133.32000000000002</ele>
   </trkpt>
   <trkpt lat="50.2612500608792" lon="30.442834845202903">
    <ele>134.84</ele>
   </trkpt>
   <trkpt lat="50.26181507609987" lon="30.443922306501502">
    <ele>136.34</ele>
   </trkpt>
   <trkpt lat="50.262380081174" lon="30.445009793599088">
    <ele>135.6</ele>
   </trkpt>
   <trkpt lat="50.26294507610114" lon="30.44609730649632">
    <ele>134.02</ele>
   </trkpt>
   <trkpt lat="50.26351006088083" lon="30.447184845193867">
    <ele>133.26000000000002</ele>
   </trkpt>
   <trkpt lat="50.264075035512676" lon="30.448272409692407">
    <ele>132.26000000000002</ele>
   </trkpt>
   <trkpt lat="50.26464000000001" lon="30.449360000000002">
    <ele>132.47</ele>
   </trkpt>
   <trkpt lat="50.26494" lon="30.450120000000002">
    <ele>132.61</ele>
   </trkpt>
   <trkpt lat="50.26509" lon="30.45078">
    <ele>133.0</ele>
   </trkpt>
   <trkpt lat="50.26523500264391" lon="30.451564997612266">
    <ele>134.12</ele>
   </trkpt>
   <trkpt lat="50.26538000000001" lon="30.452350000000003">
    <ele>136.09</ele>
   </trkpt>
   <trkpt lat="50.265590003282234" lon="30.453224996132807">
    <ele>135.65</ele>
   </trkpt>
   <trkpt lat="50.265800000000006" lon="30.454100000000004">
    <ele>133.18</ele>
   </trkpt>
   <trkpt lat="50.26604000272346" lon="30.454894996034092">
    <ele>131.51999999999998</ele>
   </trkpt>
   <trkpt lat="50.26628" lon="30.455690000000004">
    <ele>131.14000000000001</ele>
   </trkpt>
   <trkpt lat="50.266400000000004" lon="30.456220000000002">
    <ele>131.76999999999998</ele>
   </trkpt>
   <trkpt lat="50.266560000000005" lon="30.457200000000004">
    <ele>134.3</ele>
   </trkpt>
   <trkpt lat="50.26681751853665" lon="30.458399980557424">
    <ele>140.87000000000003</ele>
   </trkpt>
   <trkpt lat="50.26707502471893" lon="30.459599974091986">
    <ele>144.4</ele>
   </trkpt>
   <trkpt lat="50.26733251854665" lon="30.46079998060334">
    <ele>144.03000000000003</ele>
   </trkpt>
   <trkpt lat="50.267590000000006" lon="30.462000000000003">
    <ele>138.35</ele>
   </trkpt>
   <trkpt lat="50.26781500549154" lon="30.463129994731165">
    <ele>132.33</ele>
   </trkpt>
   <trkpt lat="50.268040000000006" lon="30.464260000000003">
    <ele>129.98000000000002</ele>
   </trkpt>
   <trkpt lat="50.268130000000006" lon="30.464550000000003">
    <ele>129.32999999999998</ele>
   </trkpt>
   <trkpt lat="50.268130000000006" lon="30.464570000000002">
    <ele>129.27</ele>
   </trkpt>
   <trkpt lat="50.26855000060961" lon="30.464180003479473">
    <ele>126.19</ele>
   </trkpt>
   <trkpt lat="50.26897" lon="30.463790000000003">
    <ele>123.97000000000001</ele>
   </trkpt>
   <trkpt lat="50.26915" lon="30.463540000000002">
    <ele>123.21000000000001</ele>
   </trkpt>
   <trkpt lat="50.269570006607786" lon="30.462300010901536">
    <ele>120.77000000000001</ele>
   </trkpt>
   <trkpt lat="50.26999000000001" lon="30.461060000000003">
    <ele>119.52000000000001</ele>
   </trkpt>
   <trkpt lat="50.270270000000004" lon="30.46036">
    <ele>118.67000000000002</ele>
   </trkpt>
   <trkpt lat="50.27055000000001" lon="30.45971">
    <ele>118.63000000000001</ele>
   </trkpt>
   <trkpt lat="50.270900000000005" lon="30.459000000000003">
    <ele>119.03000000000002</ele>
   </trkpt>
   <trkpt lat="50.27129500165292" lon="30.458375005220663">
    <ele>119.34000000000002</ele>
   </trkpt>
   <trkpt lat="50.27169000000001" lon="30.45775">
    <ele>120.88000000000001</ele>
   </trkpt>
   <trkpt lat="50.27211500234966" lon="30.45701500650462">
    <ele>127.06</ele>
   </trkpt>
   <trkpt lat="50.272540000000006" lon="30.456280000000003">
    <ele>129.37</ele>
   </trkpt>
   <trkpt lat="50.27299667264874" lon="30.45544668260759">
    <ele>135.54000000000002</ele>
   </trkpt>
   <trkpt lat="50.27345333933976" lon="30.454613349230023">
    <ele>142.58</ele>
   </trkpt>
   <trkpt lat="50.27391" lon="30.453780000000002">
    <ele>148.97000000000003</ele>
   </trkpt>
   <trkpt lat="50.274170000000005" lon="30.45334">
    <ele>151.63000000000002</ele>
   </trkpt>
   <trkpt lat="50.274280000000005" lon="30.453190000000003">
    <ele>151.63000000000002</ele>
   </trkpt>
   <trkpt lat="50.27481000176326" lon="30.452733343522894">
    <ele>156.60999999999999</ele>
   </trkpt>
   <trkpt lat="50.2753400017374" lon="30.45227667687865">
    <ele>161.68</ele>
   </trkpt>
   <trkpt lat="50.275870000000005" lon="30.45182">
    <ele>166.92000000000002</ele>
   </trkpt>
   <trkpt lat="50.27609" lon="30.451700000000002">
    <ele>169.56</ele>
   </trkpt>
   <trkpt lat="50.27628000000001" lon="30.451680000000003">
    <ele>170.84</ele>
   </trkpt>
   <trkpt lat="50.27698666670664" lon="30.451706665876277">
    <ele>174.1</ele>
   </trkpt>
   <trkpt lat="50.27769333340718" lon="30.451733332544205">
    <ele>176.31000000000003</ele>
   </trkpt>
   <trkpt lat="50.278400000000005" lon="30.451760000000004">
    <ele>176.66</ele>
   </trkpt>
   <trkpt lat="50.278760000000005" lon="30.45173">
    <ele>176.31000000000003</ele>
   </trkpt>
   <trkpt lat="50.278960000000005" lon="30.451680000000003">
    <ele>176.18</ele>
   </trkpt>
   <trkpt lat="50.27915" lon="30.451600000000003">
    <ele>176.18</ele>
   </trkpt>
   <trkpt lat="50.279650000000004" lon="30.451340000000002">
    <ele>175.95000000000002</ele>
   </trkpt>
   <trkpt lat="50.279810000000005" lon="30.451210000000003">
    <ele>175.93</ele>
   </trkpt>
   <trkpt lat="50.279970000000006" lon="30.45099">
    <ele>175.81000000000003</ele>
   </trkpt>
   <trkpt lat="50.280280000000005" lon="30.450070000000004">
    <ele>175.3</ele>
   </trkpt>
   <trkpt lat="50.28043" lon="30.449710000000003">
    <ele>174.51000000000002</ele>
   </trkpt>
   <trkpt lat="50.28052" lon="30.44956">
    <ele>174.36</ele>
   </trkpt>
   <trkpt lat="50.28061" lon="30.449510000000004">
    <ele>174.29</ele>
   </trkpt>
   <trkpt lat="50.280710000000006" lon="30.44948">
    <ele>174.14000000000001</ele>
   </trkpt>
   <trkpt lat="50.28103" lon="30.449530000000003">
    <ele>173.75</ele>
   </trkpt>
   <trkpt lat="50.2813" lon="30.449620000000003">
    <ele>173.34000000000003</ele>
   </trkpt>
   <trkpt lat="50.28172000000001" lon="30.449600000000004">
    <ele>171.59</ele>
   </trkpt>
   <trkpt lat="50.28213" lon="30.44947">
    <ele>168.69</ele>
   </trkpt>
   <trkpt lat="50.282680000000006" lon="30.449160000000003">
    <ele>164.76000000000002</ele>
   </trkpt>
   <trkpt lat="50.28345" lon="30.44854">
    <ele>163.37</ele>
   </trkpt>
   <trkpt lat="50.28398000000001" lon="30.448470000000004">
    <ele>162.71</ele>
   </trkpt>
   <trkpt lat="50.284380000000006" lon="30.448510000000002">
    <ele>161.09</ele>
   </trkpt>
   <trkpt lat="50.284650000000006" lon="30.448590000000003">
    <ele>159.99</ele>
   </trkpt>
   <trkpt lat="50.28526500025772" lon="30.44881999703943">
    <ele>157.84</ele>
   </trkpt>
   <trkpt lat="50.285880000000006" lon="30.449050000000003">
    <ele>154.72000000000003</ele>
   </trkpt>
   <trkpt lat="50.286280000000005" lon="30.449400000000004">
    <ele>153.38000000000002</ele>
   </trkpt>
   <trkpt lat="50.286460000000005" lon="30.449530000000003">
    <ele>151.93</ele>
   </trkpt>
   <trkpt lat="50.28665" lon="30.449620000000003">
    <ele>151.53000000000003</ele>
   </trkpt>
   <trkpt lat="50.28685" lon="30.449690000000004">
    <ele>150.28000000000003</ele>
   </trkpt>
   <trkpt lat="50.28745000007566" lon="30.449716665997332">
    <ele>146.39000000000001</ele>
   </trkpt>
   <trkpt lat="50.288050000145226" lon="30.449743332667087">
    <ele>141.06</ele>
   </trkpt>
   <trkpt lat="50.288650000000004" lon="30.44977">
    <ele>138.14000000000001</ele>
   </trkpt>
   <trkpt lat="50.289010000000005" lon="30.449820000000003">
    <ele>134.59</ele>
   </trkpt>
   <trkpt lat="50.289390000000004" lon="30.45004">
    <ele>132.47</ele>
   </trkpt>
   <trkpt lat="50.289840000000005" lon="30.450360000000003">
    <ele>130.20000000000002</ele>
   </trkpt>
   <trkpt lat="50.290470003031785" lon="30.45084748061648">
    <ele>129.12</ele>
   </trkpt>
   <trkpt lat="50.291100004025004" lon="30.45133497414141">
    <ele>126.54</ele>
   </trkpt>
   <trkpt lat="50.291730002979556" lon="30.451822480575384">
    <ele>124.81</ele>
   </trkpt>
   <trkpt lat="50.29236" lon="30.452310000000004">
    <ele>123.63</ele>
   </trkpt>
   <trkpt lat="50.29278000000001" lon="30.45266">
    <ele>122.32000000000001</ele>
   </trkpt>
   <trkpt lat="50.293462508977676" lon="30.453494964074512">
    <ele>119.65</ele>
   </trkpt>
   <trkpt lat="50.29414501197484" lon="30.45432995210401">
    <ele>118.52000000000001</ele>
   </trkpt>
   <trkpt lat="50.294827508991155" lon="30.45516496408955">
    <ele>117.11</ele>
   </trkpt>
   <trkpt lat="50.29551000000001" lon="30.456000000000003">
    <ele>115.24000000000001</ele>
   </trkpt>
   <trkpt lat="50.29619" lon="30.456680000000002">
    <ele>113.49000000000001</ele>
   </trkpt>
   <trkpt lat="50.29699" lon="30.45728">
    <ele>112.73</ele>
   </trkpt>
   <trkpt lat="50.29776666914794" lon="30.457816649150548">
    <ele>112.47000000000001</ele>
   </trkpt>
   <trkpt lat="50.29854333582547" lon="30.45835331582434">
    <ele>112.01</ele>
   </trkpt>
   <trkpt lat="50.29932" lon="30.458890000000004">
    <ele>112.60000000000001</ele>
   </trkpt>
   <trkpt lat="50.299780000000005" lon="30.45924">
    <ele>112.91000000000001</ele>
   </trkpt>
   <trkpt lat="50.30055" lon="30.459750000000003">
    <ele>114.68</ele>
   </trkpt>
   <trkpt lat="50.30055" lon="30.459760000000003">
    <ele>114.7</ele>
   </trkpt>
   <trkpt lat="50.30039000000001" lon="30.459870000000002">
    <ele>114.45</ele>
   </trkpt>
   <trkpt lat="50.300110000000004" lon="30.460290000000004">
    <ele>113.67</ele>
   </trkpt>
   <trkpt lat="50.29994000000001" lon="30.460610000000003">
    <ele>113.24000000000001</ele>
   </trkpt>
   <trkpt lat="50.29979" lon="30.460960000000004">
    <ele>113.17</ele>
   </trkpt>
   <trkpt lat="50.29946667537926" lon="30.46197001384777">
    <ele>113.85000000000001</ele>
   </trkpt>
   <trkpt lat="50.29914334200821" lon="30.462980013965336">
    <ele>114.64</ele>
   </trkpt>
   <trkpt lat="50.298820000000006" lon="30.463990000000003">
    <ele>114.84</ele>
   </trkpt>
   <trkpt lat="50.29851667261234" lon="30.46482334399148">
    <ele>114.26</ele>
   </trkpt>
   <trkpt lat="50.29821333926781" lon="30.46565667735547">
    <ele>111.84</ele>
   </trkpt>
   <trkpt lat="50.29791" lon="30.466490000000004">
    <ele>111.02000000000001</ele>
   </trkpt>
   <trkpt lat="50.297880000000006" lon="30.46683">
    <ele>111.44000000000001</ele>
   </trkpt>
   <trkpt lat="50.29798" lon="30.466970000000003">
    <ele>111.47000000000001</ele>
   </trkpt>
   <trkpt lat="50.29867" lon="30.467560000000002">
    <ele>114.24000000000001</ele>
   </trkpt>
   <trkpt lat="50.29867" lon="30.46777">
    <ele>114.45</ele>
   </trkpt>
   <trkpt lat="50.29856334063117" lon="30.468693337605167">
    <ele>114.91000000000001</ele>
   </trkpt>
   <trkpt lat="50.29845667394934" lon="30.469616671069694">
    <ele>115.07000000000001</ele>
   </trkpt>
   <trkpt lat="50.298350000000006" lon="30.470540000000003">
    <ele>116.31</ele>
   </trkpt>
   <trkpt lat="50.29811" lon="30.471180000000004">
    <ele>118.94</ele>
   </trkpt>
   <trkpt lat="50.29771500326636" lon="30.47205000717964">
    <ele>119.64000000000001</ele>
   </trkpt>
   <trkpt lat="50.297320000000006" lon="30.472920000000002">
    <ele>120.39000000000001</ele>
   </trkpt>
   <trkpt lat="50.29713" lon="30.473440000000004">
    <ele>121.13000000000001</ele>
   </trkpt>
   <trkpt lat="50.29692000000001" lon="30.47435">
    <ele>122.45</ele>
   </trkpt>
   <trkpt lat="50.29665667384215" lon="30.47526334337527">
    <ele>122.62</ele>
   </trkpt>
   <trkpt lat="50.296393340528695" lon="30.47617667663948">
    <ele>121.71000000000001</ele>
   </trkpt>
   <trkpt lat="50.296130000000005" lon="30.477090000000004">
    <ele>119.69</ele>
   </trkpt>
   <trkpt lat="50.29585" lon="30.477980000000002">
    <ele>117.46000000000001</ele>
   </trkpt>
   <trkpt lat="50.29556334334434" lon="30.47906001299395">
    <ele>117.5</ele>
   </trkpt>
   <trkpt lat="50.29527667668319" lon="30.480140012972914">
    <ele>118.09000000000002</ele>
   </trkpt>
   <trkpt lat="50.294990000000006" lon="30.481220000000004">
    <ele>118.29</ele>
   </trkpt>
   <trkpt lat="50.2948" lon="30.482020000000002">
    <ele>118.84000000000002</ele>
   </trkpt>
   <trkpt lat="50.29447500681725" lon="30.483280008576042">
    <ele>119.61</ele>
   </trkpt>
   <trkpt lat="50.29415" lon="30.484540000000003">
    <ele>120.24000000000001</ele>
   </trkpt>
   <trkpt lat="50.29396000320378" lon="30.48540500347887">
    <ele>119.98</ele>
   </trkpt>
   <trkpt lat="50.29377" lon="30.48627">
    <ele>120.21000000000001</ele>
   </trkpt>
   <trkpt lat="50.29372000000001" lon="30.486880000000003">
    <ele>120.95000000000002</ele>
   </trkpt>
   <trkpt lat="50.293620000000004" lon="30.487510000000004">
    <ele>122.05</ele>
   </trkpt>
   <trkpt lat="50.293510000000005" lon="30.48777">
    <ele>122.31000000000002</ele>
   </trkpt>
   <trkpt lat="50.29306000167403" lon="30.488390005828997">
    <ele>123.81</ele>
   </trkpt>
   <trkpt lat="50.29261" lon="30.489010000000004">
    <ele>126.27000000000002</ele>
   </trkpt>
   <trkpt lat="50.2922050019131" lon="30.489675005633455">
    <ele>127.79</ele>
   </trkpt>
   <trkpt lat="50.2918" lon="30.490340000000003">
    <ele>127.5</ele>
   </trkpt>
   <trkpt lat="50.29142" lon="30.49077">
    <ele>125.36</ele>
   </trkpt>
   <trkpt lat="50.29111" lon="30.490990000000004">
    <ele>124.75000000000001</ele>
   </trkpt>
   <trkpt lat="50.29049000123394" lon="30.49153500713633">
    <ele>123.32000000000001</ele>
   </trkpt>
   <trkpt lat="50.28987000000001" lon="30.49208">
    <ele>119.89000000000001</ele>
   </trkpt>
   <trkpt lat="50.289245001437095" lon="30.492660007623147">
    <ele>117.35000000000001</ele>
   </trkpt>
   <trkpt lat="50.28862" lon="30.493240000000004">
    <ele>113.67</ele>
   </trkpt>
   <trkpt lat="50.287910000000004" lon="30.494100000000003">
    <ele>109.36000000000001</ele>
   </trkpt>
   <trkpt lat="50.287670000000006" lon="30.494210000000002">
    <ele>108.48</ele>
   </trkpt>
   <trkpt lat="50.2870849999986" lon="30.494250000492265">
    <ele>104.79</ele>
   </trkpt>
   <trkpt lat="50.286500000000004" lon="30.494290000000003">
    <ele>103.77000000000001</ele>
   </trkpt>
   <trkpt lat="50.28584000000001" lon="30.494360000000004">
    <ele>103.53000000000002</ele>
   </trkpt>
   <trkpt lat="50.28562" lon="30.494320000000002">
    <ele>103.60000000000001</ele>
   </trkpt>
   <trkpt lat="50.28506000008898" lon="30.49411999761723">
    <ele>103.78000000000002</ele>
   </trkpt>
   <trkpt lat="50.2845" lon="30.493920000000003">
    <ele>104.14000000000001</ele>
   </trkpt>
   <trkpt lat="50.28425000000001" lon="30.493930000000002">
    <ele>104.19</ele>
   </trkpt>
   <trkpt lat="50.28428000801182" lon="30.494896665305653">
    <ele>103.72</ele>
   </trkpt>
   <trkpt lat="50.28431000800741" lon="30.495863331830094">
    <ele>103.5</ele>
   </trkpt>
   <trkpt lat="50.28434000000001" lon="30.496830000000003">
    <ele>103.52000000000001</ele>
   </trkpt>
   <trkpt lat="50.28434000000001" lon="30.49808">
    <ele>103.42000000000002</ele>
   </trkpt>
   <trkpt lat="50.284330000000004" lon="30.498920000000002">
    <ele>103.23</ele>
   </trkpt>
   <trkpt lat="50.28427000000001" lon="30.499630000000003">
    <ele>103.37</ele>
   </trkpt>
   <trkpt lat="50.28423" lon="30.49986">
    <ele>103.34000000000002</ele>
   </trkpt>
   <trkpt lat="50.28405500213027" lon="30.500555002323363">
    <ele>103.19</ele>
   </trkpt>
   <trkpt lat="50.28388" lon="30.501250000000002">
    <ele>103.04</ele>
   </trkpt>
   <trkpt lat="50.283535020913384" lon="30.502525027745055">
    <ele>103.23</ele>
   </trkpt>
   <trkpt lat="50.28319002788069" lon="30.50380003700677">
    <ele>103.66</ele>
   </trkpt>
   <trkpt lat="50.28284502090229" lon="30.505075027784898">
    <ele>103.78000000000002</ele>
   </trkpt>
   <trkpt lat="50.282500000000006" lon="30.50635">
    <ele>103.96000000000001</ele>
   </trkpt>
   <trkpt lat="50.28233000253798" lon="30.507130003114607">
    <ele>103.42000000000002</ele>
   </trkpt>
   <trkpt lat="50.282160000000005" lon="30.507910000000003">
    <ele>103.07000000000001</ele>
   </trkpt>
   <trkpt lat="50.28194000368322" lon="30.50884000441115">
    <ele>102.36</ele>
   </trkpt>
   <trkpt lat="50.28172000000001" lon="30.509770000000003">
    <ele>102.49000000000001</ele>
   </trkpt>
   <trkpt lat="50.281560000000006" lon="30.510360000000002">
    <ele>102.23</ele>
   </trkpt>
   <trkpt lat="50.28128" lon="30.511150000000004">
    <ele>102.3</ele>
   </trkpt>
   <trkpt lat="50.28112" lon="30.511530000000004">
    <ele>102.54</ele>
   </trkpt>
   <trkpt lat="50.28083" lon="30.51199">
    <ele>103.14</ele>
   </trkpt>
   <trkpt lat="50.28063" lon="30.51235">
    <ele>103.85000000000001</ele>
   </trkpt>
   <trkpt lat="50.280280000000005" lon="30.513270000000002">
    <ele>106.53000000000002</ele>
   </trkpt>
   <trkpt lat="50.28003000163957" lon="30.513865002836926">
    <ele>108.11000000000001</ele>
   </trkpt>
   <trkpt lat="50.27978" lon="30.514460000000003">
    <ele>108.91000000000001</ele>
   </trkpt>
   <trkpt lat="50.279540000000004" lon="30.51537">
    <ele>109.21000000000001</ele>
   </trkpt>
   <trkpt lat="50.279340000000005" lon="30.515850000000004">
    <ele>109.44000000000001</ele>
   </trkpt>
   <trkpt lat="50.278780000000005" lon="30.51676">
    <ele>109.65</ele>
   </trkpt>
   <trkpt lat="50.278780000000005" lon="30.516750000000002">
    <ele>109.65</ele>
   </trkpt>
   <trkpt lat="50.279135000868806" lon="30.517219996390732">
    <ele>105.69</ele>
   </trkpt>
   <trkpt lat="50.27949" lon="30.51769">
    <ele>103.63000000000001</ele>
   </trkpt>
   <trkpt lat="50.279680000000006" lon="30.5179">
    <ele>103.24000000000001</ele>
   </trkpt>
   <trkpt lat="50.27982" lon="30.51807">
    <ele>103.08</ele>
   </trkpt>
   <trkpt lat="50.280540000561984" lon="30.517705005525716">
    <ele>102.84000000000002</ele>
   </trkpt>
   <trkpt lat="50.28126" lon="30.51734">
    <ele>102.73</ele>
   </trkpt>
   <trkpt lat="50.28141" lon="30.51732">
    <ele>102.57000000000001</ele>
   </trkpt>
   <trkpt lat="50.28155" lon="30.51733">
    <ele>102.44</ele>
   </trkpt>
   <trkpt lat="50.281870000000005" lon="30.51742">
    <ele>102.28</ele>
   </trkpt>
   <trkpt lat="50.28250333450161" lon="30.517776657218345">
    <ele>101.95000000000002</ele>
   </trkpt>
   <trkpt lat="50.28313666791195" lon="30.518133323928208">
    <ele>101.79</ele>
   </trkpt>
   <trkpt lat="50.283770000000004" lon="30.518490000000003">
    <ele>101.96000000000001</ele>
   </trkpt>
   <trkpt lat="50.28394" lon="30.518700000000003">
    <ele>101.60000000000001</ele>
   </trkpt>
   <trkpt lat="50.2843" lon="30.519980000000004">
    <ele>99.74000000000001</ele>
   </trkpt>
   <trkpt lat="50.284420000000004" lon="30.520160000000004">
    <ele>99.61</ele>
   </trkpt>
   <trkpt lat="50.284600000000005" lon="30.52032">
    <ele>99.69000000000001</ele>
   </trkpt>
   <trkpt lat="50.284780000000005" lon="30.52042">
    <ele>99.69000000000001</ele>
   </trkpt>
   <trkpt lat="50.28562500039888" lon="30.520734994397213">
    <ele>99.9</ele>
   </trkpt>
   <trkpt lat="50.28647" lon="30.521050000000002">
    <ele>101.26</ele>
   </trkpt>
   <trkpt lat="50.287220000000005" lon="30.52137">
    <ele>102.83</ele>
   </trkpt>
   <trkpt lat="50.287760000000006" lon="30.52175">
    <ele>104.36</ele>
   </trkpt>
   <trkpt lat="50.2885600030771" lon="30.522349979818106">
    <ele>109.07000000000001</ele>
   </trkpt>
   <trkpt lat="50.289360003066065" lon="30.522949979809404">
    <ele>111.98</ele>
   </trkpt>
   <trkpt lat="50.29016000000001" lon="30.523550000000004">
    <ele>113.43</ele>
   </trkpt>
   <trkpt lat="50.29087000746278" lon="30.524209960597915">
    <ele>114.56</ele>
   </trkpt>
   <trkpt lat="50.291580011189204" lon="30.524869940891087">
    <ele>115.4</ele>
   </trkpt>
   <trkpt lat="50.29229001117906" lon="30.5255299408805">
    <ele>115.24000000000001</ele>
   </trkpt>
   <trkpt lat="50.293000007432184" lon="30.526189960567134">
    <ele>113.59</ele>
   </trkpt>
   <trkpt lat="50.293710000000004" lon="30.526850000000003">
    <ele>111.45</ele>
   </trkpt>
   <trkpt lat="50.29429000131237" lon="30.527409993141706">
    <ele>109.79</ele>
   </trkpt>
   <trkpt lat="50.29487" lon="30.527970000000003">
    <ele>107.11000000000001</ele>
   </trkpt>
   <trkpt lat="50.29524000000001" lon="30.528470000000002">
    <ele>105.85000000000001</ele>
   </trkpt>
   <trkpt lat="50.29568000285313" lon="30.5292949922461">
    <ele>104.56000000000002</ele>
   </trkpt>
   <trkpt lat="50.29612" lon="30.530120000000004">
    <ele>105.08</ele>
   </trkpt>
   <trkpt lat="50.296330000000005" lon="30.530420000000003">
    <ele>105.3</ele>
   </trkpt>
   <trkpt lat="50.296440000000004" lon="30.530530000000002">
    <ele>105.23</ele>
   </trkpt>
   <trkpt lat="50.296420000000005" lon="30.530510000000003">
    <ele>105.25000000000001</ele>
   </trkpt>
   <trkpt lat="50.29657" lon="30.530590000000004">
    <ele>104.85000000000001</ele>
   </trkpt>
   <trkpt lat="50.29684" lon="30.530620000000003">
    <ele>104.14000000000001</ele>
   </trkpt>
   <trkpt lat="50.29697" lon="30.530580000000004">
    <ele>102.91000000000001</ele>
   </trkpt>
   <trkpt lat="50.29759000000001" lon="30.530300000000004">
    <ele>101.34000000000002</ele>
   </trkpt>
   <trkpt lat="50.297740000000005" lon="30.530320000000003">
    <ele>101.11</ele>
   </trkpt>
   <trkpt lat="50.29827" lon="30.53047">
    <ele>101.47</ele>
   </trkpt>
   <trkpt lat="50.29863000188872" lon="30.529815004868357">
    <ele>101.9</ele>
   </trkpt>
   <trkpt lat="50.29899" lon="30.52916">
    <ele>102.71000000000001</ele>
   </trkpt>
   <trkpt lat="50.29916000000001" lon="30.52877">
    <ele>103.35000000000001</ele>
   </trkpt>
   <trkpt lat="50.29939500170267" lon="30.528150002920427">
    <ele>105.05</ele>
   </trkpt>
   <trkpt lat="50.29963000000001" lon="30.527530000000002">
    <ele>105.50000000000001</ele>
   </trkpt>
   <trkpt lat="50.29986000288846" lon="30.52671500380006">
    <ele>105.85000000000001</ele>
   </trkpt>
   <trkpt lat="50.300090000000004" lon="30.525900000000004">
    <ele>105.93</ele>
   </trkpt>
   <trkpt lat="50.300520000000006" lon="30.524710000000002">
    <ele>106.06000000000002</ele>
   </trkpt>
   <trkpt lat="50.30107" lon="30.523680000000002">
    <ele>105.83</ele>
   </trkpt>
   <trkpt lat="50.301460000000006" lon="30.523010000000003">
    <ele>106.37</ele>
   </trkpt>
   <trkpt lat="50.30165" lon="30.52257">
    <ele>106.41</ele>
   </trkpt>
   <trkpt lat="50.30199" lon="30.52193">
    <ele>106.49000000000001</ele>
   </trkpt>
   <trkpt lat="50.30248" lon="30.521320000000003">
    <ele>106.96000000000001</ele>
   </trkpt>
   <trkpt lat="50.30265000000001" lon="30.52118">
    <ele>106.96000000000001</ele>
   </trkpt>
   <trkpt lat="50.30292000000001" lon="30.521200000000004">
    <ele>107.27</ele>
   </trkpt>
   <trkpt lat="50.303610000000006" lon="30.521690000000003">
    <ele>107.76</ele>
   </trkpt>
   <trkpt lat="50.303960000000004" lon="30.52154">
    <ele>107.84</ele>
   </trkpt>
   <trkpt lat="50.304170000000006" lon="30.52135">
    <ele>107.84</ele>
   </trkpt>
   <trkpt lat="50.30472" lon="30.520590000000002">
    <ele>108.68</ele>
   </trkpt>
   <trkpt lat="50.30509000000001" lon="30.52033">
    <ele>110.74000000000001</ele>
   </trkpt>
   <trkpt lat="50.305640000000004" lon="30.520290000000003">
    <ele>113.78</ele>
   </trkpt>
   <trkpt lat="50.30579" lon="30.520180000000003">
    <ele>114.52000000000001</ele>
   </trkpt>
   <trkpt lat="50.305930000000004" lon="30.519940000000002">
    <ele>115.62000000000002</ele>
   </trkpt>
   <trkpt lat="50.30625000775222" lon="30.51899001275148">
    <ele>116.24000000000001</ele>
   </trkpt>
   <trkpt lat="50.30657000776345" lon="30.518040012718316">
    <ele>117.36</ele>
   </trkpt>
   <trkpt lat="50.30689" lon="30.517090000000003">
    <ele>119.56000000000002</ele>
   </trkpt>
   <trkpt lat="50.30696000233166" lon="30.51635000126712">
    <ele>121.35000000000001</ele>
   </trkpt>
   <trkpt lat="50.307030000000005" lon="30.515610000000002">
    <ele>122.27</ele>
   </trkpt>
   <trkpt lat="50.307030000000005" lon="30.515120000000003">
    <ele>120.58</ele>
   </trkpt>
   <trkpt lat="50.307" lon="30.5148">
    <ele>119.95000000000002</ele>
   </trkpt>
   <trkpt lat="50.306700000000006" lon="30.514100000000003">
    <ele>116.5</ele>
   </trkpt>
   <trkpt lat="50.30668000000001" lon="30.513910000000003">
    <ele>116.52000000000001</ele>
   </trkpt>
   <trkpt lat="50.30675" lon="30.513060000000003">
    <ele>117.55000000000001</ele>
   </trkpt>
   <trkpt lat="50.3068" lon="30.51274">
    <ele>117.94</ele>
   </trkpt>
   <trkpt lat="50.30704" lon="30.512030000000003">
    <ele>118.28</ele>
   </trkpt>
   <trkpt lat="50.30666000177805" lon="30.511384994835684">
    <ele>117.41000000000001</ele>
   </trkpt>
   <trkpt lat="50.30628" lon="30.510740000000002">
    <ele>118.02000000000001</ele>
   </trkpt>
   <trkpt lat="50.306180000000005" lon="30.51049">
    <ele>118.09000000000002</ele>
   </trkpt>
   <trkpt lat="50.30615" lon="30.51038">
    <ele>118.31000000000002</ele>
   </trkpt>
   <trkpt lat="50.306160000000006" lon="30.510260000000002">
    <ele>118.31000000000002</ele>
   </trkpt>
   <trkpt lat="50.306200000000004" lon="30.51009">
    <ele>118.42000000000002</ele>
   </trkpt>
   <trkpt lat="50.306380000000004" lon="30.509590000000003">
    <ele>119.10000000000001</ele>
   </trkpt>
   <trkpt lat="50.306630000000006" lon="30.50897">
    <ele>121.03000000000002</ele>
   </trkpt>
   <trkpt lat="50.30678" lon="30.508670000000002">
    <ele>121.03000000000002</ele>
   </trkpt>
   <trkpt lat="50.30714000111021" lon="30.508130004298394">
    <ele>123.69000000000001</ele>
   </trkpt>
   <trkpt lat="50.307500000000005" lon="30.507590000000004">
    <ele>125.5</ele>
   </trkpt>
   <trkpt lat="50.307990000000004" lon="30.507020000000004">
    <ele>128.37</ele>
   </trkpt>
   <trkpt lat="50.307990000000004" lon="30.50681">
    <ele>128.77</ele>
   </trkpt>
   <trkpt lat="50.307900000000004" lon="30.50643">
    <ele>129.75</ele>
   </trkpt>
   <trkpt lat="50.30778" lon="30.506020000000003">
    <ele>130.42000000000002</ele>
   </trkpt>
   <trkpt lat="50.30782000000001" lon="30.505650000000003">
    <ele>131.91</ele>
   </trkpt>
   <trkpt lat="50.3081" lon="30.50485">
    <ele>134.45000000000002</ele>
   </trkpt>
   <trkpt lat="50.30818000000001" lon="30.504430000000003">
    <ele>136.36</ele>
   </trkpt>
   <trkpt lat="50.308240000000005" lon="30.503040000000002">
    <ele>135.82000000000002</ele>
   </trkpt>
   <trkpt lat="50.30838000463369" lon="30.50200000309826">
    <ele>134.42000000000002</ele>
   </trkpt>
   <trkpt lat="50.30852" lon="30.500960000000003">
    <ele>131.45000000000002</ele>
   </trkpt>
   <trkpt lat="50.30864000226592" lon="30.500230001960663">
    <ele>129.18</ele>
   </trkpt>
   <trkpt lat="50.30876000000001" lon="30.4995">
    <ele>127.33</ele>
   </trkpt>
   <trkpt lat="50.30897" lon="30.498790000000003">
    <ele>126.45</ele>
   </trkpt>
   <trkpt lat="50.30948" lon="30.497790000000002">
    <ele>126.06</ele>
   </trkpt>
   <trkpt lat="50.31004" lon="30.497030000000002">
    <ele>126.53</ele>
   </trkpt>
   <trkpt lat="50.31024000000001" lon="30.496830000000003">
    <ele>126.68</ele>
   </trkpt>
   <trkpt lat="50.310990000000004" lon="30.496290000000002">
    <ele>134.04000000000002</ele>
   </trkpt>
   <trkpt lat="50.31154000060393" lon="30.495960003735025">
    <ele>139.69</ele>
   </trkpt>
   <trkpt lat="50.312090000000005" lon="30.495630000000002">
    <ele>144.57</ele>
   </trkpt>
   <trkpt lat="50.31270500046459" lon="30.49533500377191">
    <ele>148.82</ele>
   </trkpt>
   <trkpt lat="50.313320000000004" lon="30.495040000000003">
    <ele>150.81</ele>
   </trkpt>
   <trkpt lat="50.313770000000005" lon="30.494590000000002">
    <ele>152.75000000000003</ele>
   </trkpt>
   <trkpt lat="50.31427000000001" lon="30.49388">
    <ele>156.12</ele>
   </trkpt>
   <trkpt lat="50.314615001183085" lon="30.493355003808055">
    <ele>158.94000000000003</ele>
   </trkpt>
   <trkpt lat="50.314960000000006" lon="30.49283">
    <ele>161.57000000000002</ele>
   </trkpt>
   <trkpt lat="50.31513" lon="30.492570000000004">
    <ele>163.37</ele>
   </trkpt>
   <trkpt lat="50.31547500256146" lon="30.49180000554566">
    <ele>165.54000000000002</ele>
   </trkpt>
   <trkpt lat="50.31582" lon="30.491030000000002">
    <ele>167.76000000000002</ele>
   </trkpt>
   <trkpt lat="50.31626000000001" lon="30.489960000000004">
    <ele>169.64000000000001</ele>
   </trkpt>
   <trkpt lat="50.316606675526415" lon="30.488943348176235">
    <ele>170.0</ele>
   </trkpt>
   <trkpt lat="50.316953342187894" lon="30.487926681525042">
    <ele>170.92000000000002</ele>
   </trkpt>
   <trkpt lat="50.3173" lon="30.48691">
    <ele>172.41</ele>
   </trkpt>
   <trkpt lat="50.317583340183724" lon="30.4860166772972">
    <ele>174.09000000000003</ele>
   </trkpt>
   <trkpt lat="50.3178666735229" lon="30.48512334394559">
    <ele>175.81000000000003</ele>
   </trkpt>
   <trkpt lat="50.31815" lon="30.484230000000004">
    <ele>176.83</ele>
   </trkpt>
   <trkpt lat="50.31842500264695" lon="30.4834400046547">
    <ele>176.78000000000003</ele>
   </trkpt>
   <trkpt lat="50.31870000000001" lon="30.482650000000003">
    <ele>176.47</ele>
   </trkpt>
   <trkpt lat="50.319010000000006" lon="30.48186">
    <ele>176.22</ele>
   </trkpt>
   <trkpt lat="50.31938" lon="30.481050000000003">
    <ele>174.91</ele>
   </trkpt>
   <trkpt lat="50.319840000000006" lon="30.48036">
    <ele>170.37</ele>
   </trkpt>
   <trkpt lat="50.32002000000001" lon="30.480150000000002">
    <ele>166.39000000000001</ele>
   </trkpt>
   <trkpt lat="50.32043000055545" lon="30.479770003336817">
    <ele>161.53</ele>
   </trkpt>
   <trkpt lat="50.320840000000004" lon="30.479390000000002">
    <ele>158.14</ele>
   </trkpt>
   <trkpt lat="50.32127500039718" lon="30.479045003247172">
    <ele>156.8</ele>
   </trkpt>
   <trkpt lat="50.32171" lon="30.478700000000003">
    <ele>156.19000000000003</ele>
   </trkpt>
   <trkpt lat="50.322010000000006" lon="30.478400000000004">
    <ele>153.92</ele>
   </trkpt>
   <trkpt lat="50.322100000000006" lon="30.478260000000002">
    <ele>153.92</ele>
   </trkpt>
   <trkpt lat="50.32236000188508" lon="30.477610003372387">
    <ele>149.55</ele>
   </trkpt>
   <trkpt lat="50.32262" lon="30.476960000000002">
    <ele>146.1</ele>
   </trkpt>
   <trkpt lat="50.32273000000001" lon="30.476770000000002">
    <ele>146.1</ele>
   </trkpt>
   <trkpt lat="50.32284000000001" lon="30.476620000000004">
    <ele>143.93</ele>
   </trkpt>
   <trkpt lat="50.32321" lon="30.476280000000003">
    <ele>141.91</ele>
   </trkpt>
   <trkpt lat="50.32320000000001" lon="30.476290000000002">
    <ele>141.99</ele>
   </trkpt>
   <trkpt lat="50.32356000000001" lon="30.47604">
    <ele>139.71</ele>
   </trkpt>
   <trkpt lat="50.32387000000001" lon="30.475880000000004">
    <ele>139.71</ele>
   </trkpt>
   <trkpt lat="50.32453" lon="30.475620000000003">
    <ele>143.63</ele>
   </trkpt>
   <trkpt lat="50.32461000000001" lon="30.47556">
    <ele>144.58</ele>
   </trkpt>
   <trkpt lat="50.324850000000005" lon="30.47567">
    <ele>145.87</ele>
   </trkpt>
   <trkpt lat="50.325320000000005" lon="30.475800000000003">
    <ele>146.50000000000003</ele>
   </trkpt>
   <trkpt lat="50.325520000000004" lon="30.475890000000003">
    <ele>146.54</ele>
   </trkpt>
   <trkpt lat="50.325660000000006" lon="30.475990000000003">
    <ele>146.53000000000003</ele>
   </trkpt>
   <trkpt lat="50.32603" lon="30.476450000000003">
    <ele>145.93</ele>
   </trkpt>
   <trkpt lat="50.32641" lon="30.47688">
    <ele>145.13</ele>
   </trkpt>
   <trkpt lat="50.3262100019664" lon="30.47755000268076">
    <ele>143.06000000000003</ele>
   </trkpt>
   <trkpt lat="50.326010000000004" lon="30.478220000000004">
    <ele>142.21</ele>
   </trkpt>
   <trkpt lat="50.32598" lon="30.478360000000002">
    <ele>142.11</ele>
   </trkpt>
   <trkpt lat="50.32600000000001" lon="30.478440000000003">
    <ele>142.04</ele>
   </trkpt>
   <trkpt lat="50.32609" lon="30.478600000000004">
    <ele>141.59000000000003</ele>
   </trkpt>
   <trkpt lat="50.326570001547715" lon="30.47921999360777">
    <ele>138.89000000000001</ele>
   </trkpt>
   <trkpt lat="50.32705000000001" lon="30.479840000000003">
    <ele>133.93</ele>
   </trkpt>
   <trkpt lat="50.32744" lon="30.480410000000003">
    <ele>127.75</ele>
   </trkpt>
   <trkpt lat="50.328030000000005" lon="30.4811">
    <ele>124.7</ele>
   </trkpt>
   <trkpt lat="50.32854000250701" lon="30.481643321644402">
    <ele>124.39000000000001</ele>
   </trkpt>
   <trkpt lat="50.32905000248229" lon="30.482186654951242">
    <ele>124.13</ele>
   </trkpt>
   <trkpt lat="50.32956" lon="30.482730000000004">
    <ele>124.63</ele>
   </trkpt>
   <trkpt lat="50.329710000000006" lon="30.483010000000004">
    <ele>125.47</ele>
   </trkpt>
   <trkpt lat="50.32997" lon="30.483660000000004">
    <ele>129.04000000000002</ele>
   </trkpt>
   <trkpt lat="50.33034000000001" lon="30.484230000000004">
    <ele>134.37</ele>
   </trkpt>
   <trkpt lat="50.33043000000001" lon="30.484410000000004">
    <ele>135.62</ele>
   </trkpt>
   <trkpt lat="50.330490000000005" lon="30.484630000000003">
    <ele>136.26000000000002</ele>
   </trkpt>
   <trkpt lat="50.33055000261618" lon="30.485414998665913">
    <ele>137.05</ele>
   </trkpt>
   <trkpt lat="50.33061000000001" lon="30.486200000000004">
    <ele>137.45000000000002</ele>
   </trkpt>
   <trkpt lat="50.33082667749093" lon="30.4873233231013">
    <ele>137.70000000000002</ele>
   </trkpt>
   <trkpt lat="50.33104334416008" lon="30.48844665644735">
    <ele>137.44</ele>
   </trkpt>
   <trkpt lat="50.33126000000001" lon="30.489570000000004">
    <ele>137.49</ele>
   </trkpt>
   <trkpt lat="50.331360000000004" lon="30.48993">
    <ele>137.32</ele>
   </trkpt>
   <trkpt lat="50.33178000384186" lon="30.490884991401686">
    <ele>136.92000000000002</ele>
   </trkpt>
   <trkpt lat="50.33220000000001" lon="30.491840000000003">
    <ele>136.77</ele>
   </trkpt>
   <trkpt lat="50.332330000000006" lon="30.491950000000003">
    <ele>136.89000000000001</ele>
   </trkpt>
   <trkpt lat="50.33269500270615" lon="30.491155006115928">
    <ele>140.88</ele>
   </trkpt>
   <trkpt lat="50.33306" lon="30.490360000000003">
    <ele>146.96</ele>
   </trkpt>
   <trkpt lat="50.333130000000004" lon="30.490250000000003">
    <ele>146.96</ele>
   </trkpt>
   <trkpt lat="50.333415001771016" lon="30.489610003806106">
    <ele>149.87</ele>
   </trkpt>
   <trkpt lat="50.33370000000001" lon="30.488970000000002">
    <ele>153.78</ele>
   </trkpt>
   <trkpt lat="50.333725004819854" lon="30.48791000047497">
    <ele>158.74</ele>
   </trkpt>
   <trkpt lat="50.33375" lon="30.486850000000004">
    <ele>164.74</ele>
   </trkpt>
   <trkpt lat="50.334010000000006" lon="30.485540000000004">
    <ele>168.36</ele>
   </trkpt>
   <trkpt lat="50.334070000000004" lon="30.485390000000002">
    <ele>167.21</ele>
   </trkpt>
   <trkpt lat="50.33415" lon="30.485280000000003">
    <ele>166.78</ele>
   </trkpt>
   <trkpt lat="50.334210000000006" lon="30.48523">
    <ele>166.46</ele>
   </trkpt>
   <trkpt lat="50.3348050000965" lon="30.485120001369392">
    <ele>165.57000000000002</ele>
   </trkpt>
   <trkpt lat="50.33540000000001" lon="30.485010000000003">
    <ele>165.27</ele>
   </trkpt>
   <trkpt lat="50.335480000000004" lon="30.48496">
    <ele>165.20000000000002</ele>
   </trkpt>
   <trkpt lat="50.335550000000005" lon="30.48487">
    <ele>165.10000000000002</ele>
   </trkpt>
   <trkpt lat="50.33563" lon="30.48439">
    <ele>162.83</ele>
   </trkpt>
   <trkpt lat="50.33569000000001" lon="30.484260000000003">
    <ele>161.95000000000002</ele>
   </trkpt>
   <trkpt lat="50.335770000000004" lon="30.484180000000002">
    <ele>161.49</ele>
   </trkpt>
   <trkpt lat="50.33588" lon="30.484150000000003">
    <ele>160.88000000000002</ele>
   </trkpt>
   <trkpt lat="50.33633500006457" lon="30.484105000425465">
    <ele>159.93</ele>
   </trkpt>
   <trkpt lat="50.33679" lon="30.484060000000003">
    <ele>160.15</ele>
   </trkpt>
   <trkpt lat="50.33691" lon="30.484070000000003">
    <ele>160.10999999999999</ele>
   </trkpt>
   <trkpt lat="50.337070000000004" lon="30.484150000000003">
    <ele>159.85000000000002</ele>
   </trkpt>
   <trkpt lat="50.337230000000005" lon="30.484280000000002">
    <ele>159.84</ele>
   </trkpt>
   <trkpt lat="50.337610000000005" lon="30.484720000000003">
    <ele>161.49</ele>
   </trkpt>
   <trkpt lat="50.33771" lon="30.48485">
    <ele>162.19</ele>
   </trkpt>
   <trkpt lat="50.33782" lon="30.48533">
    <ele>162.25</ele>
   </trkpt>
   <trkpt lat="50.33791" lon="30.485580000000002">
    <ele>160.79000000000002</ele>
   </trkpt>
   <trkpt lat="50.33802000000001" lon="30.485740000000003">
    <ele>159.78</ele>
   </trkpt>
   <trkpt lat="50.33823" lon="30.48588">
    <ele>157.81</ele>
   </trkpt>
   <trkpt lat="50.33865" lon="30.485940000000003">
    <ele>155.47000000000003</ele>
   </trkpt>
   <trkpt lat="50.338750000000005" lon="30.485970000000002">
    <ele>155.13000000000002</ele>
   </trkpt>
   <trkpt lat="50.33907000000001" lon="30.486240000000002">
    <ele>154.89</ele>
   </trkpt>
   <trkpt lat="50.33923" lon="30.486290000000004">
    <ele>155.18</ele>
   </trkpt>
   <trkpt lat="50.33945000000001" lon="30.486240000000002">
    <ele>155.94000000000003</ele>
   </trkpt>
   <trkpt lat="50.340140000000005" lon="30.485860000000002">
    <ele>158.8</ele>
   </trkpt>
   <trkpt lat="50.34044" lon="30.4859">
    <ele>158.85000000000002</ele>
   </trkpt>
   <trkpt lat="50.34067" lon="30.485950000000003">
    <ele>158.51000000000002</ele>
   </trkpt>
   <trkpt lat="50.340900000000005" lon="30.485940000000003">
    <ele>157.8</ele>
   </trkpt>
   <trkpt lat="50.34156" lon="30.486000000000004">
    <ele>154.72000000000003</ele>
   </trkpt>
   <trkpt lat="50.342020000000005" lon="30.486100000000004">
    <ele>152.97000000000003</ele>
   </trkpt>
   <trkpt lat="50.3421" lon="30.486130000000003">
    <ele>152.97000000000003</ele>
   </trkpt>
   <trkpt lat="50.34217" lon="30.486220000000003">
    <ele>152.97000000000003</ele>
   </trkpt>
   <trkpt lat="50.34221" lon="30.486320000000003">
    <ele>152.77</ele>
   </trkpt>
   <trkpt lat="50.342220000000005" lon="30.486490000000003">
    <ele>151.92</ele>
   </trkpt>
   <trkpt lat="50.34208" lon="30.487750000000002">
    <ele>147.98</ele>
   </trkpt>
   <trkpt lat="50.34208" lon="30.487920000000003">
    <ele>147.94000000000003</ele>
   </trkpt>
   <trkpt lat="50.34216000000001" lon="30.488400000000002">
    <ele>147.72000000000003</ele>
   </trkpt>
   <trkpt lat="50.34196000000001" lon="30.488780000000002">
    <ele>145.99</ele>
   </trkpt>
   <trkpt lat="50.34192" lon="30.48888">
    <ele>144.96</ele>
   </trkpt>
   <trkpt lat="50.34192" lon="30.489250000000002">
    <ele>143.69</ele>
   </trkpt>
   <trkpt lat="50.34235" lon="30.490190000000002">
    <ele>143.26</ele>
   </trkpt>
   <trkpt lat="50.3427" lon="30.491310000000002">
    <ele>143.56000000000003</ele>
   </trkpt>
   <trkpt lat="50.34282" lon="30.491880000000002">
    <ele>144.11</ele>
   </trkpt>
   <trkpt lat="50.34306" lon="30.492790000000003">
    <ele>145.25000000000003</ele>
   </trkpt>
   <trkpt lat="50.34324" lon="30.493140000000004">
    <ele>146.48</ele>
   </trkpt>
   <trkpt lat="50.34344" lon="30.493280000000002">
    <ele>147.76</ele>
   </trkpt>
   <trkpt lat="50.343880000000006" lon="30.493530000000003">
    <ele>149.69000000000003</ele>
   </trkpt>
   <trkpt lat="50.344210000000004" lon="30.49359">
    <ele>152.56</ele>
   </trkpt>
   <trkpt lat="50.34447" lon="30.4935">
    <ele>154.28</ele>
   </trkpt>
   <trkpt lat="50.344840000000005" lon="30.493280000000002">
    <ele>159.10000000000002</ele>
   </trkpt>
   <trkpt lat="50.345150000000004" lon="30.493170000000003">
    <ele>162.56</ele>
   </trkpt>
   <trkpt lat="50.345800000000004" lon="30.4933">
    <ele>169.97</ele>
   </trkpt>
   <trkpt lat="50.34624" lon="30.49348">
    <ele>172.98000000000002</ele>
   </trkpt>
   <trkpt lat="50.347060000000006" lon="30.493630000000003">
    <ele>180.24</ele>
   </trkpt>
   <trkpt lat="50.34729" lon="30.49358">
    <ele>181.09</ele>
   </trkpt>
   <trkpt lat="50.347460000000005" lon="30.493450000000003">
    <ele>181.62</ele>
   </trkpt>
   <trkpt lat="50.34758" lon="30.49339">
    <ele>182.25000000000003</ele>
   </trkpt>
   <trkpt lat="50.34769000000001" lon="30.493370000000002">
    <ele>182.25000000000003</ele>
   </trkpt>
   <trkpt lat="50.34783" lon="30.493230000000004">
    <ele>182.88000000000002</ele>
   </trkpt>
   <trkpt lat="50.34814" lon="30.492520000000003">
    <ele>183.04</ele>
   </trkpt>
  </trkseg>
 </trk>
</gpx>
